"Variable / Field Name","Form Name","Section Header","Field Type","Field Label","Choices, Calculations, OR Slider Labels","Field Note","Text Validation Type OR Show Slider Number","Text Validation Min","Text Validation Max",Identifier?,"Branching Logic (Show field only if...)","Required Field?","Custom Alignment","Question Number (surveys only)","Matrix Group Name","Matrix Ranking?","Field Annotation"
record_id,radar_integration,,text,"Record ID",,"Redcap ID (autogenerato da Redcap)",,,,,,,,,,,
integration_warning,radar_integration,,descriptive,"Questo campo è per l'integrazione di RedCap con la piattaforma RADAR.          ******************************        ATTENZIONE                    **************************                    Il campo non è da compilare",,,,,,,,,,,,,
subject_id,radar_integration,,text,"ID del partecipante",,"Piattaforma RADAR (ID generato dalla piattaforma Radar)",,,,,,,,,,,"Integration Fields"
human_readable_id,radar_integration,,text,"Human Readable ID",,"Human Readable Field (generated by Radar Platform using a composition of [Project Name + Management Portal Project ID + Location + Redcap ID])",,,,,,,,,,,"Integration Fields"
surname,contact_info,,text,Cognome,,Cognome,,,,y,,,,,,,Cognome
name,contact_info,,text,Nome,,"Nome (utilizzato per autogenerare indirizzo e-mail)",,,,y,,y,,,,,Nome
pref_name,contact_info,,text,"Nome preferito",,"Nome prefertio da utilizzare ( potrebbe essere utilizzato per generazione indirizzo e-mail per sondaggio)",,,,y,,,,,,,"Nome preferito"
email,contact_info,,text,"Indirizzo e-mail:",,"e-mail utilizzata per opzione ''survey""",email,,,y,,y,,,,,
hospital_num,contact_info,,text,"Numero dell'Ospedale",,,,,,,,,,,,,
yob,socio_demographics,"ID del partecipante [subject_id]",text,"Qual è la Sua data di nascita?",,,date_dmy,,,,,y,,,,,
age,socio_demographics,,text,"Qual era la Sua età all'ultimo compleanno?",,,integer,18,,,,,,,,,
gender,socio_demographics,,radio,"Lei è:","0, Maschio | 1, Femmina | 2, Altro",,,,,,,,,,,,
marital_status,socio_demographics,,radio,"Lei è:","0, Celibe/Nubile | 1, Convivente con il suo partner | 2, Sposato/a e convivente con suo/a marito/moglie | 3, Sposato/a ma non convivente con suo/a marito/moglie | 4, Divorziato/a | 5, Vedovo/a",,,,,,,,,,,,
living_together,socio_demographics,,radio,"Lei sta vivendo con qualcuno in famiglia come coppia","0, No | 1, Si",,,,,,,,,,,,
children,socio_demographics,,radio,"Lei ha figli?","0, No | 1, Si",,,,,,,,,,,,
no_of_children,socio_demographics,,text,"Quanti figli ha?",,,integer,,,,"[children]=""1""",,,,,,
children_live_with_you,socio_demographics,,text,"Quanti figli vivono ancora con Lei?",,,integer,,,,"[children]=""1""",,,,,,
youngest_child_age,socio_demographics,,text,"Quanti anni ha il Suo figlio più giovane?",,,,,,,"[children] = '1'",,,,,,
ethnicity_1,socio_demographics,"Scegli l'opzione che meglio descrive il tuo gruppo etnico o le tue origini",radio,"A quale gruppo etnico appartiene?","0, Caucasico (Italiano)  | 1, Caucasico (Altro)  | 2, Asiatico | 3, Di colore, Africano, Caraibico | 4, Altre etnie",,,,,,,,,,,,
white_other,socio_demographics,,text,"Descriva quale altra origine bianca",,,,,,,"[ethnicity_1]=""1""",,,,,,
ethnic_other,socio_demographics,,text,"Descriva quale altra origine etnica",,,,,,,"[ethnicity_1]=""4""",,,,,,
country,socio_demographics,Paese,text,"In che nazione è nato/a?",,,,,,,,,,,,,
eduction_finish_age,socio_demographics,Educazione,text,"Quanti anni aveva quando ha terminato la sua formazione scolastica a tempo pieno o l'università ?",,,integer,,,,,,,,,,
drop_school_1,socio_demographics,,radio,"Ha abbandonato gli studi prima dei 15 anni e prima di aver ricevuto la sua qualifica?","0, No | 1, Si",,,,,,,,,,,,
qualifications,socio_demographics,,radio,"Possiede qualifiche di qualunque tipo?","0, No | 1, Si",,,,,,,,,,,,
degree_1,socio_demographics,,radio,"Quale delle seguenti qualifiche possiede","0, Laurea | 1, Diploma di scuola superiore (scuola secondaria di secondo grado) | 2, Scuola dell'obbligo o diploma professionale (scuola primaria) | 3, Non raggiungimento del primo ciclo di istruzione | 4, Altre qualifiche | 5, No qualifiche",,,,,,,,,,,,
benefits_type,socio_demographics,Profitto/Guadagno,radio,"Sta attualmente ricevendo degli aiuti economici di cui è intestatario?","0, No | 1, Si",,,,,,,,,,,,
benefits,socio_demographics,,radio,"Lei o chiunque altro nella sua famiglia sta ricevendo sussidi per l'alloggio, sia direttamente o ricevendoli a vostro nome?","0, No | 1, Si",,,,,,,,,,,,
income_eur,socio_demographics,,radio,"Quale delle seguenti cifre rappresenta il reddito annuo della sua famiglia (reddito lordo senza le detrazioni degli obblighi contributivi e dell'imposta sul reddito)? ","0, Meno di 15,000 Euro | 1, 15,001-28,000 Euro | 2, 28,001-55,000 Euro | 3, 55,001-75,000 | 4, Più di 75,000",,,,,,,,,,,,
income_contribution,socio_demographics,,text,"Quante persone contribuiscono al reddito famigliare?",,,integer,,,,,,,,,,
accommodation,socio_demographics,Sistemazione,radio,"In quali di questi modi occupa il suo alloggio? ","0, Proprietario/a | 1, Acquistato con l'aiuto di un mutuo o prestito | 2, Sistemazione residenziale (non ospedaliera) | 3, Affittato da Enti locali | 4, Affittato da Settori del volontariato | 5, Affittato da Locatore privato | 6, Gratuitamente (incluso l'affitto gratuito nella proprietà  del suo parente/amico; escluso l'abusivismo) | 7, Abusivamente",,,,,,,,,,,,
accommodation_satisfaction,socio_demographics,,radio,"Quanto è soddisfatto/a di questa sistemazione?","0, Molto insoddisfatto/a | 1, Leggermente insoddisfatto/a | 2, Nè soddisfatto/a nè insoddisfatto/a | 3, Abbastanza soddisfatto/a | 4, Molto soddisfatto/a",,,,,,,,,,,,
utilities,socio_demographics,,checkbox,"Ci sono stati periodi entro lo scorso anno in cui è stato/a seriamente in difficoltà nel pagamento in tempo di una di questi pagamenti: ","0, Affitto | 1, Gas | 2, Elettricità | 3, Acqua | 4, Acquisto di beni | 5, Rate del mutuo | 6, Tasse comunali | 7, Pagamenti con carta di credito | 8, Telefono | 9, Altri finanziamenti | 10, Nessuno di questi",,,,,,,,,,,,
study,study,,radio,Studio,"1, MDD | 2, Epilessia | 3, SM (Depressione) | 4, SM (Disabilità)",,,,,,,y,,,,,
enrolment_date,study,,text,"Data di arruolamento",,"Data DD-MM-YY di arruolamento allo studio (questo campo viene usato per definire il calendario di sondaggio)",date_dmy,,,,,y,,,,,
enable_survey_invite,study,,yesno,"Invia sondaggio automatico?",,"Inserire ''no'' se il partecipante non desidera ricevere l'opzione sondaggio",,,,,,y,,,,,
visit,study,,text,Visita,,,integer,,,,,,,,,,
month,study,,text,"Mese nello studio",,,integer,,,,,,,,,,
contacts_weekly,social_environment,,checkbox,"In una settimana tipo, con quante delle seguenti persone interagisce? Si intendono contatti sia faccia a faccia che telefonici","0, Fratelli/sorelle | 1, Parenti acquisiti | 2, Altri parenti | 3, Amici | 4, Vicini  | 5, Colleghi/e | 6, Capo/Supervisore  | 7, Altre conoscenze | 8, Professionisti | 9, Membri di uno stesso gruppo o club",,,,,,,,,,,,
contacts_help,social_environment,,radio,"In caso di difficoltà o bisogno di aiuto, c'è qualcuno che potrebbe contattare e che l'aiuterà?","0, No | 1, Si",,,,,,,,,,,,
mh_psycond_clincond,medical_history,,radio,"1. Lei ha sperimentato una condizione psichiatrica o una condizione clinicamente significativa negli ultimi due anni:","0, No | 1, Si",,,,,,,,,,,,
mh_diagnosis,medical_history,,text,Diagnosi,,,,,,,"[mh_psycond_clincond] = '1'",,,,,,
mh_date_onset,medical_history,,text,"Data di inizio",,,date_dmy,,,,"[mh_psycond_clincond] = '1'",,,,,,
mh_end_date,medical_history,,text,"Data di fine",,,date_dmy,,,,"[mh_psycond_clincond] = '1'",,,,,,
ms_mh_first_sympt,ms_medical_history,,text,"1. Data dei primi sintomi SM",,,date_dmy,,,,,,,,,,
ms_mh_diagnos_date,ms_medical_history,,text,"2. Data della diagnosi di SM (se possibile)",,,date_dmy,,,,,,,,,,
ms_mh_phenotype,ms_medical_history,,radio,"3. Fenotipo della SM","0, CIS | 1, RRMS",,,,,,,,,,,,
ms_mh_date_most_recent_ms_relapse,ms_medical_history,,text,"4. Data della ricaduta di SM più recente (se possibile)",,,date_dmy,,,,,,,,,,
own_smartphone,technology_usage,,radio,"1. Possiede attualmente uno smartphone? ","0, No | 1, Si",,,,,,,,,,,,
smartphone_type,technology_usage,,radio,"1a. Se si, di quale tipologia?","0, Android | 1, iPhone",,,,,,"[own_smartphone]=""1""",,,,,,
android_model,technology_usage,,text,"1b. Se ha uno smartphone Android, specificare modello/marca",,,,,,,"[smartphone_type]=""0""",,,,,,
phone_contract,technology_usage,,text,"2. Attualmente con quale gestore ha il contratto?",,,,,,,,,,,,,
phone_call_allowance,technology_usage,,text,"3. Qual è il Suo utilizzo mensile di chiamate?",,,,,,,,,,,,,
phone_text_allowance,technology_usage,,text,"4. Qual è il Suo utilizzo mensile di messaggi di testo?",,,,,,,,,,,,,
phone_data_allowance,technology_usage,,text,"5. Qual è il Suo utilizzo mensile di dati?",,,,,,,,,,,,,
phone_contract_expiration,technology_usage,,text,"6. Qual è la scadenza del Suo contratto? ",,,date_dmy,,,,,,,,,,
no_smartphone,technology_usage,,radio,"7. Se lei non ha uno smartphone, sarebbe disposto ad utilizzarlo per venire incontro allo scopo di questa ricerca?","0, No | 1, Si",,,,,,"[own_smartphone]=""0""",,,,,,
fitness_tracker_used,technology_usage,,radio,"8. Ha mai indossato un dispositivo indossabile per il monitoraggio dell'attivitè fisica prima d'ora? ","0, No | 1, Si",,,,,,,,,,,,
fitness_tracker_time_used,technology_usage,,text,"8a. Per quanto tempo lo ha utilizzato?",,,,,,,"[fitness_tracker_used]=""1""",,,,,,
fitness_tracker_using,technology_usage,,radio,"8b. Lei lo utilizza tutt'ora? ","0, No | 1, Si",,,,,,"[fitness_tracker_used]=""1""",,,,,,
fitness_tracker_stopped,technology_usage,,text,"8c. Se no, perchè ha smesso di utilizzarlo? ",,,,,,,"[fitness_tracker_used]=""1"" and [fitness_tracker_using]=""0""",,,,,,
fitness_tracker_st_time,technology_usage,,text,"8d. Quanto tempo fa  ha smesso di utilizzarlo?",,,,,,,"[fitness_tracker_used]=""1"" and [fitness_tracker_using]=""0""",,,,,,
wearable_at_job,technology_usage,,radio,"9. Lei ha un lavoro che le impedisce di utilizzare un dispositivo indossabile al polso durante le ore lavorative? ","0, No | 1, Si",,,,,,,,,,,,
mobile_phone_at_job,technology_usage,,radio,"10. Lei ha un lavoro che le impedisce di utilizzare il telefono cellulare per lunghi periodi di tempo? ","0, No | 1, Si",,,,,,,,,,,,
pssuq_1,pssuq,,radio,"1. In generale, sono soddisfatto/a a riguardo della facillità  di utilizzo di questo sistema","1, 1 Totalmente d' accordo | 2, 2 | 3, 3 | 4, 4 | 5, 5 | 6, 6 | 7, 7 Totalmente in disaccordo",,,,,,,,,,,,
pssuq_1_c,pssuq,,text,Commenti:,,,,,,,,,,,,,
pssuq_2,pssuq,,radio,"2. E' stato semplice utilizzare il sistema?","1, 1 Totalmente d' accordo | 2, 2 | 3, 3 | 4, 4 | 5, 5 | 6, 6 | 7, 7 Totalmente in disaccordo",,,,,,,,,,,,
pssuq_2_c,pssuq,,text,Commenti:,,,,,,,,,,,,,
pssuq_3,pssuq,,radio,"3. Sono stato in grado di completare efficientemente i compiti richiesti solo usando questo sistema ","1, 1 Totalmente d' accordo | 2, 2 | 3, 3 | 4, 4 | 5, 5 | 6, 6 | 7, 7 Totalmente in disaccordo",,,,,,,,,,,,
pssuq_3_c,pssuq,,text,Commenti:,,,,,,,,,,,,,
pssuq_4,pssuq,,radio,"4. Sono stato in grado di completare rapidamente i compiti utilizzando questo sistema.","1, 1 Totalmente d' accordo | 2, 2 | 3, 3 | 4, 4 | 5, 5 | 6, 6 | 7, 7 Totalmente in disaccordo",,,,,,,,,,,,
pssuq_4_c,pssuq,,text,Commenti:,,,,,,,,,,,,,
pssuq_5,pssuq,,radio,"5. Sono stato in grado di completare in modo efficiente i compiti utilizzando questo sistema.","1, 1 Totalmente d' accordo | 2, 2 | 3, 3 | 4, 4 | 5, 5 | 6, 6 | 7, 7 Totalmente in disaccordo",,,,,,,,,,,,
pssuq_5_c,pssuq,,text,Commenti:,,,,,,,,,,,,,
pssuq_6,pssuq,,radio,"6. Mi sono sentito a mio agio con questo sistema.","1, 1 Totalmente d' accordo | 2, 2 | 3, 3 | 4, 4 | 5, 5 | 6, 6 | 7, 7 Totalmente in disaccordo",,,,,,,,,,,,
pssuq_6_c,pssuq,,text,Commenti:,,,,,,,,,,,,,
pssuq_7,pssuq,,radio,"7. E' stato facile imparare ad utilizzare questo sistema.","1, 1 Totalmente d' accordo | 2, 2 | 3, 3 | 4, 4 | 5, 5 | 6, 6 | 7, 7 Totalmente in disaccordo",,,,,,,,,,,,
pssuq_7_c,pssuq,,text,Commenti:,,,,,,,,,,,,,
pssuq_8,pssuq,,radio,"8. Credo che potrei diventare produttivo in fretta utilizzando questo sistema.","1, 1 Totalmente d' accordo | 2, 2 | 3, 3 | 4, 4 | 5, 5 | 6, 6 | 7, 7 Totalmente in disaccordo",,,,,,,,,,,,
pssuq_8_c,pssuq,,text,Commenti:,,,,,,,,,,,,,
pssuq_9,pssuq,,radio,"9. Il Sistema ha fornito messaggi di errore che mi hanno spiegato in modo chiaro come risolvere i problemi.","1, 1 Totalmente d' accordo | 2, 2 | 3, 3 | 4, 4 | 5, 5 | 6, 6 | 7, 7 Totalmente in disaccordo",,,,,,,,,,,,
pssuq_9_c,pssuq,,text,Commenti:,,,,,,,,,,,,,
pssuq_10,pssuq,,radio,"10. Ogni volta che ho commesso un errore utilizzando il Sistema, ho potuto recuperare facilmente e rapidamente. ","1, 1 Totalmente d' accordo | 2, 2 | 3, 3 | 4, 4 | 5, 5 | 6, 6 | 7, 7 Totalmente in disaccordo",,,,,,,,,,,,
pssuq_10_c,pssuq,,text,Commenti:,,,,,,,,,,,,,
pssuq_11,pssuq,,radio,"11. Le informazioni (quali messaggi sullo schermo e altri tipi di documenti) fornite con questo sistema erano chiare. ","1, 1 Totalmente d' accordo | 2, 2 | 3, 3 | 4, 4 | 5, 5 | 6, 6 | 7, 7 Totalmente in disaccordo",,,,,,,,,,,,
pssuq_11_c,pssuq,,text,Commenti:,,,,,,,,,,,,,
pssuq_12,pssuq,,radio,"12. E' stato facile trovare le informazioni di cui avevo bisogno.","1, 1 Totalmente d' accordo | 2, 2 | 3, 3 | 4, 4 | 5, 5 | 6, 6 | 7, 7 Totalmente in disaccordo",,,,,,,,,,,,
pssuq_12_c,pssuq,,text,Commenti:,,,,,,,,,,,,,
pssuq_13,pssuq,,radio,"13. Le istruzioni fornite per utilizzare il sistema erano facili da comprendere.","1, 1 Totalmente d' accordo | 2, 2 | 3, 3 | 4, 4 | 5, 5 | 6, 6 | 7, 7 Totalmente in disaccordo",,,,,,,,,,,,
pssuq_13_c,pssuq,,text,Commenti:,,,,,,,,,,,,,
pssuq_14,pssuq,,radio,"14. Le informazioni fornite erano utili per completare i compiti richiesti.","1, 1 Totalmente d' accordo | 2, 2 | 3, 3 | 4, 4 | 5, 5 | 6, 6 | 7, 7 Totalmente in disaccordo",,,,,,,,,,,,
pssuq_14_c,pssuq,,text,Commenti:,,,,,,,,,,,,,
pssuq_15,pssuq,,radio,"15. L'organizzazione delle informazioni ricevute sullo schermo erano chiare. ","1, 1 Totalmente d' accordo | 2, 2 | 3, 3 | 4, 4 | 5, 5 | 6, 6 | 7, 7 Totalmente in disaccordo",,,,,,,,,,,,
pssuq_15_c,pssuq,,text,Commenti:,,,,,,,,,,,,,
pssuq_16,pssuq,,radio,"16. L'interfaccia di questo sistema era piacevole.","1, 1 Totalmente d' accordo | 2, 2 | 3, 3 | 4, 4 | 5, 5 | 6, 6 | 7, 7 Totalmente in disaccordo",,,,,,,,,,,,
pssuq_16_c,pssuq,,text,Commenti:,,,,,,,,,,,,,
pssuq_17,pssuq,,radio,"17. Mi è piaciuto utilizzare l'interfaccia di questo sistema.","1, 1 Totalmente d' accordo | 2, 2 | 3, 3 | 4, 4 | 5, 5 | 6, 6 | 7, 7 Totalmente in disaccordo",,,,,,,,,,,,
pssuq_17_c,pssuq,,text,Commenti:,,,,,,,,,,,,,
pssuq_18,pssuq,,radio,"18. Questo sistema ha tutte le funzioni e funzionalità  che mi aspettavo avesse.","1, 1 Totalmente d' accordo | 2, 2 | 3, 3 | 4, 4 | 5, 5 | 6, 6 | 7, 7 Totalmente in disaccordo",,,,,,,,,,,,
pssuq_18_c,pssuq,,text,Commenti:,,,,,,,,,,,,,
pssuq_19,pssuq,,radio,"19. In generale, sono soddisfatto/a di questo sistema.","1, 1 Totalmente d' accordo | 2, 2 | 3, 3 | 4, 4 | 5, 5 | 6, 6 | 7, 7 Totalmente in disaccordo",,,,,,,,,,,,
pssuq_19_c,pssuq,,text,Commenti:,,,,,,,,,,,,,
tam_usefulness_1,technology_assessment_measurement_fast_form,"Utilità  percepita",radio,"In generale, sento che il sistema RADAR-CNS è:","0, 0 Efficiente | 1, 1 | 2, 2 | 3, 3 | 4, 4 | 5, 5 | 6, 6 | 7, 7 Inefficiente",,,,,,,,RH,,,,
tam_usefulness_2,technology_assessment_measurement_fast_form,,radio,"In generale, sento che il sistema RADAR-CNS è:","0, 0 Migliora le prestazioni | 1, 1 | 2, 2 | 3, 3 | 4, 4 | 5, 5 | 6, 6 | 7, 7  Peggiora le prestazioni",,,,,,,,RH,,,,
tam_usefulness_3,technology_assessment_measurement_fast_form,,radio,"In generale, sento che il sistema RADAR-CNS è:","0, 0 Aumenta la produttività | 1, 1 | 2, 2 | 3, 3 | 4, 4 | 5, 5 | 6, 6 | 7, 7  Diminuisce la produttività",,,,,,,,RH,,,,
tam_usefulness_4,technology_assessment_measurement_fast_form,,radio,"In generale, sento che il sistema RADAR-CNS è:","0, 0 Efficace | 1, 1 | 2, 2 | 3, 3 | 4, 4 | 5, 5 | 6, 6 | 7, 7  Inefficace",,,,,,,,RH,,,,
tam_usefulness_5,technology_assessment_measurement_fast_form,,radio,"In generale, sento che il sistema RADAR-CNS è:","0, 0 Utile | 1, 1 | 2, 2 | 3, 3 | 4, 4 | 5, 5 | 6, 6 | 7, 7  Inutile",,,,,,,,RH,,,,
tam_usefulness_6,technology_assessment_measurement_fast_form,,radio,"In generale, sento che il sistema RADAR-CNS è:","0, 0 Funzionale | 1, 1 | 2, 2 | 3, 3 | 4, 4 | 5, 5 | 6, 6 | 7, 7  Non funzionale",,,,,,,,RH,,,,
tam_ease_of_use_1,technology_assessment_measurement_fast_form,"Facilità di utilizzo percepita",radio,"In generale, sento che il sistema RADAR-CNS è:","0, 0 Facile da imparare | 1, 1 | 2, 2 | 3, 3 | 4, 4 | 5, 5 | 6, 6 | 7, 7  Difficile da imparare",,,,,,,,RH,,,,
tam_ease_of_use_2,technology_assessment_measurement_fast_form,,radio,"In generale, sento che il sistema RADAR-CNS è:","0, 0 Facile da utilizzare | 1, 1 | 2, 2 | 3, 3 | 4, 4 | 5, 5 | 6, 6 | 7, 7 Difficile da utilizzare",,,,,,,,RH,,,,
tam_ease_of_use_3,technology_assessment_measurement_fast_form,,radio,"In generale, sento che il sistema RADAR-CNS è:","0, 0 Chiaro interagire con | 1, 1 | 2, 2 | 3, 3 | 4, 4 | 5, 5 | 6, 6 | 7, 7 Difficile interagire con",,,,,,,,RH,,,,
tam_ease_of_use_4,technology_assessment_measurement_fast_form,,radio,"In generale, sento che il sistema RADAR-CNS è:","0, 0 Adattabile per interagire con | 1, 1 | 2, 2 | 3, 3 | 4, 4 | 5, 5 | 6, 6 | 7, 7 Non adattabile per interagire con",,,,,,,,RH,,,,
tam_ease_of_use_5,technology_assessment_measurement_fast_form,,radio,"In generale, sento che il sistema RADAR-CNS è:","0, 0 Facile da padroneggiare | 1, 1 | 2, 2 | 3, 3 | 4, 4 | 5, 5 | 6, 6 | 7, 7 Difficile da padroneggiare",,,,,,,,RH,,,,
tam_ease_of_use_6,technology_assessment_measurement_fast_form,,radio,"In generale, sento che il sistema RADAR-CNS è:","0, 0 Utilizzabile | 1, 1 | 2, 2 | 3, 3 | 4, 4 | 5, 5 | 6, 6 | 7, 7  Ingombrante",,,,,,,,RH,,,,
tam_usage_1,technology_assessment_measurement_fast_form,"Utilizzo previsto. Per le seguenti domande, si prega di indicare la misura in cui si accettano le seguenti dichiarazioni: Per le seguenti domande, si prega di indicare la misura in cui si accettano le seguenti dichiarazioni:",radio,"1. Se dovessi scegliere una piattaforma di monitoraggio sanitario, probabilmente sarebbe RADAR-CNS","0, 0 D' accordo | 1, 1 | 2, 2 | 3, 3 | 4, 4 | 5, 5 | 6, 6 | 7, 7  In disaccordo",,,,,,,,RH,,,,
tam_usage_2,technology_assessment_measurement_fast_form,,radio,"2. Se avessi bisogno di monitorare la mia salute e la scelta ricadesse su di me, io sceglierei RADAR-CNS. ","0, 0 D' accordo | 1, 1 | 2, 2 | 3, 3 | 4, 4 | 5, 5 | 6, 6 | 7, 7  In disaccordo",,,,,,,,RH,,,,
tam_usage_3,technology_assessment_measurement_fast_form,,radio,"3. Se richiesto, probabilmente suggerirei RADR-CNS come piattaforma di monitoraggio dello stato di salute","0, 0 D' accordo | 1, 1 | 2, 2 | 3, 3 | 4, 4 | 5, 5 | 6, 6 | 7, 7  In disaccordo",,,,,,,,RH,,,,
tam_usage_4,technology_assessment_measurement_fast_form,,radio,"4. In futuro per gli aspetti del monitoraggio dello stato di salute che dipenderanno da me, probabilmente utilizzerei RADAR-CNS. ","0, 0 D' accordo | 1, 1 | 2, 2 | 3, 3 | 4, 4 | 5, 5 | 6, 6 | 7, 7  In disaccordo",,,,,,,,RH,,,,
fss_1,fatigue_severity_scale,"Durante la scorsa settimana, ho notato che:",radio,"1. La mia motivazione è minore quando sono affaticato.","1,1 Forte disaccordo | 2, 2 | 3, 3 | 4, 4 | 5, 5 | 6, 6 | 7, 7 Forte Accordo",,,,,,,,,,,,
fss_2,fatigue_severity_scale,,radio,"2. L'esercizio mi comporta fatica","1,1 Forte disaccordo |2,2|3,3|4,4|5,5|6,6|7,7 Forte Accordo",,,,,,,,,,,,
fss_3,fatigue_severity_scale,,radio,"3. Sono facilmente affaticato.","1,1 Forte disaccordo |2,2|3,3|4,4|5,5|6,6|7,7 Forte Accordo",,,,,,,,,,,,
fss_4,fatigue_severity_scale,,radio,"4. La fatica interferisce con la mia efficienza fisica.","1,1 Forte disaccordo |2,2|3,3|4,4|5,5|6,6|7,7 Forte Accordo",,,,,,,,,,,,
fss_5,fatigue_severity_scale,,radio,"5. La fatica mi causa frequenti problemi.","1,1 Forte disaccordo |2,2|3,3|4,4|5,5|6,6|7,7 Forte Accordo",,,,,,,,,,,,
fss_6,fatigue_severity_scale,,radio,"6. La fatica mi impedisce l'attività fisica prolungata.","1,1 Forte disaccordo | 2, 2 | 3, 3 | 4, 4 | 5, 5 | 6, 6 | 7, 7 Forte Accordo",,,,,,,,,,,,
fss_7,fatigue_severity_scale,,radio,"7. La fatica interferisce con certi miei impegni e responsabilità.","1,1 Forte disaccordo | 2, 2 | 3, 3 | 4, 4 | 5, 5 | 6, 6 | 7, 7 Forte Accordo",,,,,,,,,,,,
fss_8,fatigue_severity_scale,,radio,"8. La fatica è fra i miei tre sintomi più disabilitanti.","1,1 Forte disaccordo | 2, 2 | 3, 3 | 4, 4 | 5, 5 | 6, 6 | 7, 7 Forte Accordo",,,,,,,,,,,,
fss_9,fatigue_severity_scale,,radio,"9. La fatica interferisce con il mio lavoro, la mia famiglia o la mia vita sociale.","1,1 Forte disaccordo |2,2|3,3|4,4|5,5|6,6|7,7 Forte Accordo",,,,,,,,,,,,
ids_1,ids_sr,"Si prega di indicare l'unica risposta per ciascun campo che meglio ti descrive negli ultimi sette giorni",radio,"1. Addormentamento","0, Non impiego mai più di 30 minuti per addormentarmi. | 1, Impiego almeno 30 minuti per addormentarmi meno della metà delle notti. | 2, Impiego più di 30 minuti per addormentarmi più della metà  delle notti. | 3, Impiego più di 60 minuti per addormentarmi più della metà  delle notti.",,,,,,,,,,,,
ids_2,ids_sr,,radio,"2. Sonno durante la notte:","0, Non mi sveglio durante la notte. | 1, Ho un sonno agitato e leggero con pochi brevi risvegli ogni notte. | 2, Mi sveglio almeno una volta durante la notte, ma mi riaddormento facilmente. | 3, Mi sveglio più di una volta durante la notte e rimango sveglio per 20 minuti o più, più della metà  delle notti.",,,,,,,,,,,,
ids_3,ids_sr,,radio,"3. Risveglio precoce:","0, La maggior parte delle notti ml sveglio non più di 30 minuti prima di alzarmi. | 1, Più di metà  delle notti mi sveglio più di 30 minuti prima del momento di alzarmi. | 2, Mi sveglio quasi sempre almeno un'ora o quasi prima del necessario, ma alla fine riprendo a dormire. | 3, Mi sveglio almeno un'ora prima del necessario ma non riesco a riaddormentarmi.",,,,,,,,,,,,
ids_4,ids_sr,,radio,"4. Sonno eccessivo:","0, Non dormo più di 7-8 ore per notte senza sonnellini durante il giorno. | 1, Non dormo più di 10 ore nelle 24 ore inclusi i sonnellini. | 2, Non dormo più di 12 ore nelle 24 ore inclusi i sonnellini. | 3, Dormo più di 12 ore nelle 24 ore inclusi i sonnellini.",,,,,,,,,,,,
ids_5,ids_sr,,radio,"5. Tristezza:","0, Non mi sento triste. | 1, Mi sento triste meno della metà  del tempo. | 2, Mi sento triste più della metà  del tempo. | 3, Mi sento triste quasi sempre.",,,,,,,,,,,,
ids_6,ids_sr,,radio,"6. Irritabilità :","0, Non mi sento irritabile. | 1, Mi sento irritabile meno della metà  del tempo. | 2, Mi sento irritabile più della metà  del tempo. | 3, Mi sento estremamente irritabile quasi sempre.",,,,,,,,,,,,
ids_7,ids_sr,,radio,"7. Ansia o Tensione:","0, Non mi sento ansioso o teso. | 1, Mi sento ansioso o teso meno della metà  del tempo. | 2, Mi sento ansioso o teso più della metà  del tempo. | 3, Mi sento ansioso o teso quasi sempre.",,,,,,,,,,,,
ids_8,ids_sr,,radio,"8. Risposta del vostro umore a eventi buoni e desiderati:","0, Quando capitano eventi buoni il mio umore arriva a livelli normali e ciò dura per parecchie ore. | 1, Quando capitano eventi buoni il mio umore migliora, ma non come quando mi sento bene. | 2, Il mio umore migliora soltanto un po' in occasione di un numero piuttosto limitato di eventi desiderati. | 3, Il mio umore non migliora affatto anche quando capitano nella mia vita eventi molto buoni o desiderati.",,,,,,,,,,,,
ids_9,ids_sr,,radio,"9. Umore in relazione all'ora del giorno:","0, Non c'e una relazione regolare tra il mio umore e l'ora del giorno. | 1, Il mio umore spesso è legato a momenti della giornata a causa di fatti ambientali (essere solo, lavoro). | 2, In generale il mio umore è più legato ai momenti delle giornata piuttosto che a eventi ambientali. | 3, Il mio umore è chiaramente e prevedibilmente migliore o peggiore in particolari ore del giorno. Il vostro umore è peggiore al mattino, pomeriggio o notte? (sottolineare quando)",,,,,,,,,,,,
ids_9a,ids_sr,,radio,"10. Il vostro umore è peggiore al mattino, pomeriggio o notte?","1, Mattino | 2, Pomeriggio | 3, Notte",,,,,,,,,,,,
ids_9b,ids_sr,,radio,"11. Le variazioni del vostro umore sono attribuibili all'ambiente?","0, No | 1, Si",,,,,,,,,,,,
ids_10,ids_sr,,radio,"12. Qualità  dell'umore:","0, L'umore (sentimenti intimi) che provo assomiglia molto ai sentimenti che avrei se una persona cara mancasse o mi lasciasse. | 1, Il mio umore è più o meno come l'umore triste che proverei se una persona cara morisse o mi lasciasse. | 2, Il mio umore è piuttosto diverso da come potrei sentirmi se una persona cara morisse o mi lasciasse. | 3, Il mio umore è molto diverso da quello legato a dolore o perdita.",,,,,,,,,,,,
ids_11,ids_sr,"Si prega di indicare l'unica risposta per ciascun campo che meglio ti descrive negli ultimi sette giorni. Completa la 13 o la 14 (non entrambe)",radio,"13. Appetito diminuito:","0, Nessun cambiamento nel mio appetito abituale. | 1, Mangio un po' meno spesso e un po' meno del solito. | 2, Mangio molto meno del solito e soltanto con grande sforzo. | 3, Mangio raramente nelle 24 ore e soltanto con estremo sforzo personale o quando altri mi spingono a mangiare.","Completa la 13, o la 14 non entrambe",,,,,,,,,,,
ids_12,ids_sr,,radio,"14.  Appetito aumentato:","0, Nessun cambiamento nel mio appetito abituale. | 1, Sento necessità  di mangiare più frequentemente del solito. | 2, Mangio regolarmente più spesso o più del solito. | 3, Mi sento spinto a mangiare molto sia ai pasti che tra i pasti.","Completa la 13, o la 14 non entrambe",,,,,,,,,,,
ids_13,ids_sr,"Si prega di indicare l'unica risposta per ciascun campo che meglio ti descrive negli ultimi sette giorni. Completa la 15 o la 16 (non entrambe)",radio,"15. Nelle ultime due settimane:","0, Nessun cambiamento di peso. | 1, Mi sento come se fossi un po' dimagrito. | 2, Ho perso un chilo o più. | 3, Ho perso due chili o più.","Completa la 15, o la 16 non entrambe",,,,,,,,,,,
ids_14,ids_sr,,radio,"16. Nelle ultime due settimane:","0, Nessun cambiamento di peso. | 1, Mi sento come se fossi un po' ingrassato. | 2, Sono aumentato di un chilo o più. | 3, Sono aumentato di due chili o più.","Completa la 15, o la 16 non entrambe",,,,,,,,,,,
ids_15,ids_sr,"Si prega di indicare l'unica risposta per ciascun campo che meglio ti descrive negli ultimi sette giorni",radio,"17. Concentrazione/Capacità  di prendere decisioni:","0, Nessun cambiamento nella usuale capacità  di concentrazione o di prendere decisioni. | 1, Occasionalmente mi sento indeciso o trovo che la mia attenzione sia labile. | 2, Il più delle volte mi devo sforzare per prestare attenzione o prendere decisioni. | 3, Non riesco a concentrarmi abbastanza bene per leggere o prendere anche piccole decisioni.",,,,,,,,,,,,
ids_16,ids_sr,,radio,"18.  Come mi vedo:","0, Mi vedo una degna persona come gli altri. | 1, Mi sento più colpevole del solito. | 2, Credo decisamente di causare problemi agli altri. | 3, Penso quasi sempre ai miei grandi e piccoli difetti.",,,,,,,,,,,,
ids_17,ids_sr,,radio,"19. Come vedo il mio futuro:","0, Ho una visione ottimistica del mio futuro. | 1, Qualche volta sono pessimista sul mio futuro ma perlopiù credo che le cose andranno meglio. | 2, Sono abbastanza sicuro che il mio immediato futuro (uno o due mesi) non prometta niente di buono per me. | 3, Non ho alcuna speranza che accada qualcosa di buono per me in futuro.",,,,,,,,,,,,
ids_18,ids_sr,,radio,"20. Pensieri di morte o suicidio:","0, Non penso al suicidio o alla morte. | 1, Sento la mia vita vuota o mi chiedo se valga la pena di vivere. | 2, Penso al suicidio o alla morte più volte la settimana per molti minuti. | 3, Penso ai dettagli del suicidio o della morte più volte al giorno o ho fatto piani specifici di suicidio o ho provato a togliermi la vita.",,,,,,,,,,,,
ids_19,ids_sr,,radio,"21. Interesse generale:","0, Nessun cambiamento rispetto al solito nel mio interesse verso la gente o attività . | 1, Noto di essere meno interessato alla gente o alle attività . | 2, Trovo di avere interesse soltanto in una o due delle attività  svolte in passato. | 3, In pratica non ho alcun interesse per le attività  svolte in passato.",,,,,,,,,,,,
ids_20,ids_sr,,radio,"22. Livello di energia:","0, Nessun cambiamento nel mio solito livello di energia. | 1, Mi stanco più facilmente del solito. | 2, Mi sforzo molto per iniziare o terminare le mie attività  giornaliere (fare acquisti, lavorare in casa, cucinare o lavorare). | 3, Non posso proprio portare avanti la maggior parte delle mie attività  quotidiane perchè non ne ho proprio la forza.",,,,,,,,,,,,
ids_21,ids_sr,,radio,"23. Provare piacere o divertirsi (esclusa la vita sessuale):","0, Riesco a divertirmi come al solito. | 1, Non sento il solito gusto per le attività  piacevoli. | 2, Raramente sento piacere per qualsiasi attività . | 3, Sono totalmente incapace di provare piacere o divertirmi.",,,,,,,,,,,,
ids_22,ids_sr,,radio,"24. Interesse nella vita sessuale (interesse, non attività)","0, Sono interessato al sesso come sempre. | 1, Il mio interesse per la vita sessuale è minore del solito o non ne traggo lo stesso piacere di prima. | 2, Ho poco desiderio o traggo raramente piacere dalla vita sessuale. | 3, Assolutamente nessun interesse o nessun piacere dalla vita sessuale.",,,,,,,,,,,,
ids_23,ids_sr,,radio,"25. Rallentamento:","0, Penso, parlo e mi muovo alla mia usuale velocità . | 1, I miei pensieri sono rallentati o la mia voce è piatta o monotona. | 2, Impiego molti secondi per rispondere alla maggior parte delle domande e sono sicuro che il mio pensiero sia lento. | 3, Sono spesso incapace di rispondere alle domande senza uno sforzo estremo.",,,,,,,,,,,,
ids_24,ids_sr,,radio,"26. Irrequietezza:","0, Non mi sento irrequieto. | 1, Sono spesso irrequieto, mi torco le mani, ho bisogno di cambiare posizione quando sono seduto. | 2, Ho impulsi a muovermi e sono decisamente irrequieto. | 3, Talvolta sono incapace di stare seduto e ho bisogno di andare avanti e indietro.",,,,,,,,,,,,
ids_25,ids_sr,,radio,"27. Dolori e sofferenze:","0, Non mi sento le braccia o le gambe pesanti; non provo sofferenze o dolori. | 1, Talvolta ho cefalea o dolori di stomaco, schiena o articolazioni, ma questi dolori sono saltuari e non mi impediscono di fare ciò che devo. | 2, Avverto questo tipo di dolori la maggior parte del tempo. | 3, Questi dolori sono così forti che mi costringono a interrompere ciò che sto facendo.",,,,,,,,,,,,
ids_26,ids_sr,,radio,"28. Altri sintomi fisici:","0, Non ho nessuno di questi sintomi: palpitazioni, visione offuscata, sudorazioni, vampate, dolori al petto, cuore che salta, ronzii o tremori. | 1, Ho alcuni di questi sintomi ma sono lievi e presenti solo qualche volta. | 2, Ho molti di questi sintomi e mi disturbano un bel po'. | 3, Ho molti di questi sintomi e quando si presentano impediscono ciò che sto facendo.",,,,,,,,,,,,
ids_27,ids_sr,,radio,"29. Panico e sintomi fobici:","0, Non ho attacchi di panico o paure specifiche (fobie) come per gli animali o le altezze. | 1, Ho episodi di lieve panico o paure che non influenzano il mio comportamento o non mi impediscono di funzionare. | 2, Ho episodi di forte panico o paure che mi costringono a cambiare il mio comportamento, ma non mi impediscono di funzionare. | 3, Ho episodi di panico almeno una volta alla settimana o forti paure che mi impediscono di svolgere le mie attività quotidiane.",,,,,,,,,,,,
ids_28,ids_sr,,radio,"30. Stipsi o diarrea:","0, Nessun cambiamento nelle mie abitudini intestinali. | 1, Soffro di stipsi o diarrea intermittente, che è però lieve. | 2, Soffro di stipsi o diarrea la maggior parte del tempo, ma non limitano le mie attività quotidiane. | 3, Soffro di stipsi o diarrea per le quali devo prendere farmaci o che limitano le mie attività quotidiane.",,,,,,,,,,,,
ids_29,ids_sr,,radio,"31. Sensibilità  interpersonale:","0, Non mi sono mai sentito facilmente respinto, sminuito, criticato o ferito da altri. | 1, Talvolta mi sono sentito respinto, sminuito, criticato o ferito da altri. | 2, Spesso mi sono sentito respinto, sminuito, criticato o ferito da altri, ma questo ha avuto poco effetto sulle mie relazioni e sul mio lavoro. | 3, Spesso mi sono sentito respinto, sminuito, criticato o ferito da altri e questo ha danneggiato le mie relazioni e il mio lavoro.",,,,,,,,,,,,
ids_30,ids_sr,,radio,"32. Pesantezza/Energia fisica:","0, Non ho mai avuto la sensazione fisica di sentirmi appesantito e senza energia fisica. | 1, Talvolta ho attraversato periodi in cui mi sentivo fisicamente appesantito e senza energia fisica, ma senza un effetto negativo sul lavoro, scuola o livello di attività . | 2, Mi sento fisicamente appesantito (senza energie fisiche) più della metà  del tempo. | 3, Mi sento fisicamente appesantito (senza energie fisiche) la maggior parte del tempo, molte ore al giorno, molti giorni della settimana.",,,,,,,,,,,,
cidi_1,cidi_sf,"Queste domande riguardano periodi di tristezza o depressione che potrebbe aver vissuto dalla Sua ultima valutazione.",radio,"1. Dalla sua ultima valutazione, Lei ha avuto dei periodi in cui si sentiva triste, svuotato/a o depresso/a per due settimane o più?","0, Si | 1, No",,,,,,,,,,,,
cidi_2,cidi_sf,,radio,"2. Per la prossima domanda, pensi ad un periodo di due settimane dalla sua ultima valutazione in cui questi sentimenti sono peggiorati. Durante questo periodo di due settimane, quanto spesso si è sentito/a in questo modo?","0, Quasi ogni giorno, per la gran parte della giornata | 1, Meno spesso",,,,,,"[cidi_1]=""0""",,,,,,
cidi_3,cidi_sf,,radio,"3. Dalla sua ultima valutazione, c'è stato un periodo di due settimane o più in cui ha perso interesse per la maggior parte delle cose come il lavoro, gli hobbies e altre attività che invece di solito Le davano piacere? ","0, Si | 1, No",,,,,,"[cidi_1] = '1' or [cidi_2]='1'",,,,,,
cidi_4,cidi_sf,,radio,"4. Per la prossima domanda, pensi ad un periodo di due settimane dalla sua ultima valutazione in cui questa perdita di interesse è peggiorata. Durante questo periodo di due settimane, quanto spesso si è sentito/a in questo modo?","0, Quasi ogni giorno, per la gran parte della giornata | 1, Meno spesso",,,,,,"[cidi_3] = '0'",,,,,,
cidi_5,cidi_sf,,radio,"5.  Durante questo periodo in cui si sentiva triste, svuotato/a o depresso/a, c'è stato un periodo di due settimane o più in cui ha perso interesse per la maggior parte delle cose come il lavoro, gli hobbies e altre attività  che invece di solito Le davano piacere?  ","0, Si | 1, No",,,,,,"[cidi_2]=""0""",,,,,,
cidi_6,cidi_sf,,radio,"6. Per la prossima domanda, pensi ad un periodo di due settimane dalla sua ultima valutazione in cui questa perdita di interesse è peggiorata. Durante questo periodo di due settimane, quanto spesso si è sentito/a in questo modo?","0, Quasi ogni giorno, per la gran parte della giornata | 1, Meno spesso",,,,,,"[cidi_5]=""0""",,,,,,
cidi_7,cidi_sf,"Le persone che hanno periodi in cui si sentono tristi, demoralizzate o prive di interessi hanno spesso contemporaneamente altri problemi. Durante questo periodo di almeno due settimane dalla sua ultima valutazione in cui si sentiva triste, svuotato/a o depresso/a e aveva perso interesse nelle cose ha mai avuto qualcuno di questi problemi: ",radio,"7.  Le mancava energia o si sentiva più stanco/a più del solito?","0, Si | 1, No",,,,,,"[cidi_4]=""0"" or [cidi_5]=""1"" or  [cidi_6]=""1"" or  [cidi_6]=""0""",,,,,,
cidi_8,cidi_sf,,radio,"8. Aveva meno appetito del solito quasi ogni giorno?","0, Si | 1, No",,,,,,"[cidi_7]=""1"" or  [cidi_7]=""0""",,,,,,
cidi_9,cidi_sf,,radio,"9. Ha perso peso senza volerlo, almeno un chilo alla settimana per diverse settimane?","0, Si | 1, No",,,,,,"[cidi_8]=""1"" or  [cidi_8]=""0""",,,,,,
cidi_10,cidi_sf,,text,"10. Quanto peso ha perso in quelle settimane? (Kg)",,kg,number,,,,"[cidi_9]=""0""",,,,,,
cidi_11,cidi_sf,"Durante questo periodo di almeno due settimane dalla sua ultima valutazione quando si sentiva triste, svuotato/a o depresso/a aveva perso interesse nelle cose: ",radio,"11. Aveva un appetito molto più forte del solito quasi ogni giorno per due settimane o più?","0, Si | 1, Si ma solo a causa di una gravidnanza | 2, No",,,,,,"[cidi_9]=""1"" or  [cidi_9]=""0""",,,,,,
cidi_12,cidi_sf,,radio,"12. Mangiava molto più del solito tanto da essere aumentato/a di peso, almeno di un chilo a settimana per diverse settimane? ","0, Si | 1, No",,,,,,"[cidi_11]=""1"" or  [cidi_11]=""0"" or [cidi_11]=""2""",,,,,,
cidi_13,cidi_sf,,text,"13. Di quanto peso è aumentato/a durante quelle settimane? __kg",,kg,number,,,,"[cidi_12]=""0""",,,,,,
cidi_14,cidi_sf,,radio,"14. Ha avuto problemi a dormire, quasi ogni notte, sia ad addormentarsi, sia perchè si svegliava nel mezzo della notte, o perchè si svegliava troppo presto?","0, Si | 1, No",,,,,,"[cidi_12]=""1"" or  [cidi_12]=""0""",,,,,,
cidi_15,cidi_sf,,radio,"15. Lei si svegliava almeno due ore prima di quel che voleva ogni giorno per almeno due settimane?","0, Si | 1, No",,,,,,"[cidi_14]=""0""",,,,,,
cidi_16,cidi_sf,,radio,"16. Dormiva troppo quasi ogni giorno?","0, Si | 1, No",,,,,,"[cidi_14]=""1"" or [cidi_15]=""1"" or  [cidi_15]=""0""",,,,,,
cidi_17,cidi_sf,,radio,"17. Parlava o si muoveva più lentamente del solito quasi tutti i giorni, tanto che altre persone lo notavano.","0, Si, parlavo o mi muovevo più lentamente tanto che altre persone lo notavano | 1, Si, parlavo o mi muovevo più lentamente ma le altre persone non lo notavano | 2, No",,,,,,"[cidi_16]=""0"" or [cidi_16]=""1""",,,,,,
cidi_18,cidi_sf,,radio,"18. Doveva essere di continuo in movimento, cioè non riusciva a stare seduto/a, tranquillo/a e camminava avanti e indietro o non riusciva a tenere le mani ferme quando era seduto/a, tanto che se ne è accorto qualcun altro?","0, Si, parlavo o mi muovevo più lentamente che altre persone lo hanno notato | 1, Si, parlavo o mi muovevo più lentamente ma le altre persone non lo hanno notato | 2, No",,,,,,"[cidi_17]=""0"" or  [cidi_17]=""1"" or [cidi_17]=""2""",,,,,,
cidi_19,cidi_sf,,radio,"19. Aveva molta più difficoltà del solito a concentrarsi?","0, Si | 1, No",,,,,,"[cidi_18]=""0"" or [cidi_18]=""1"" or  [cidi_18]=""2""",,,,,,
cidi_20,cidi_sf,,radio,"20. Le capitava di non riuscire a prendere decisioni su cose che di solito non Le creavano dubbi o indecisioni?","0, Si | 1, No",,,,,,"[cidi_19]=""0"" or [cidi_19]=""1""",,,,,,
cidi_21,cidi_sf,,radio,"21. A volte le persone si sentono giù di morale, sentono di non valere a niente o di essere inutili. Durante questo periodo di due settimane, si sentiva in colpa o senza valore?","0, Si | 1, No",,,,,,"[cidi_20]=""0"" or [cidi_20]=""1""",,,,,,
cidi_22,cidi_sf,,radio,"22. Durante questo periodo di due settimane, pensava molto alla morte, sua o di qualcun altro/a, o alla morte in generale?","0, Si | 1, No",,,,,,"[cidi_21]=""0"" or [cidi_21]=""1""",,,,,,
cidi_23,cidi_sf,"Per le prossime domande, pensi ad un periodo di almeno due settimane dalla sua ultima valutazione, quando si sentiva triste, svuotato/a o depresso/a e ha perso interesse nelle cose. ",radio,"23. Questo periodo ha interferito seriamente con il suo lavoro, con la sua capacità  di prendersi cura della casa, della sua famiglia o di se stesso/a?","0, Si | 1, No",,,,,,"[cidi_22]=""0"" or [cidi_22]=""1""",,,,,,
cidi_24,cidi_sf,,text,"24. Quanto è durato il periodo più lungo come questo? Può dare una stima.",,,integer,,,,"[cidi_23]=""0"" or [cidi_23]=""1""",,,,,,
cidi_25,cidi_sf,,radio,"25. Si è mai rivolto/a a qualcuno per i suoi periodi di tristezza/demoralizzazione/mancanza di interessi (medico, psicologo, assistente sociale, infermiere o altre figure professionali)?","0, Si | 1, No",Settimane,,,,,"[cidi_23]=""0"" or [cidi_23]=""1""",,,,,,
cidi_26,cidi_sf,"Dalla sua ultima valutazione:",radio,"26. Dalla sua ultima valutazione, ha contattato  i servizi sociali per problemi che non erano correlati alla sua salute fisica? (per esempio un istituto di salute mentale, uno psicologo o un assistente sociale)","0, Si | 1, No",,,,,,"[cidi_3] = '1' or [cidi_4] = '1' or [cidi_25]=""0"" or [cidi_25]=""1""",,,,,,
cidi_27,cidi_sf,,checkbox,"27. Dalla sua ultima valutazione, Le è stata diagnosticata da un medico di base o da uno specialista una delle seguenti patologie? Può scegliere più di una risposta.","0, Depressione | 1, Disturbo Bipolare | 2, Schizofrenia o psicosi | 3, Disturbo alimentari | 4, Disturbo da ansia | 5, Disturbo da attacchi di panico | 6, Disturbo ossessivo compulsivo | 7, Disturbo da stress post-tramautico | 8, Fobia | 9, ADD/ADHD | 10, Dipendenza da alcool | 11, Dipendenza da droghe | 12, Altro | 13, Nessuna",,,,,,"[cidi_26]=""0"" or [cidi_26]=""1""",,,,,,
cidi_27a,cidi_sf,,text,Specificare:,,,,,,,"[cidi_27(12)]=""1""",,,,,,
cidi_28,cidi_sf,,checkbox,"28. Dalla sua ultima valutazione, ha ricevuto un trattamento da un medico di base o da uno specialista per una delle seguenti patologie? Può scegliere più di una risposta","0, Depressione | 1, Disturbo Bipolare | 2, Schizofrenia o psicosi | 3, Disturbo alimentari | 4, Disturbo da ansia | 5, Disturbo da attachi di panico | 6, Disturbo ossessivo compulsivo | 7, Disturbo da stress post-tramautico | 8, Fobia | 9, ADD/ADHD | 10, Dipendenza da alcool | 11, Dipendenza da droghe | 12, Altro | 13, Nessuna",,,,,,"[cidi_27(0)] = '1' or [cidi_27(1)] = '1' or [cidi_27(2)] = '1' or [cidi_27(3)] = '1' or [cidi_27(4)] = '1' or [cidi_27(5)] = '1' or [cidi_27(6)] = '1' or [cidi_27(7)] = '1' or [cidi_27(8)] = '1' or [cidi_27(9)] = '1' or [cidi_27(10)] = '1' or [cidi_27(11)] = '1' or [cidi_27(12)] = '1'",,,,,,
cidi_28a,cidi_sf,,text,Specificare:,,,,,,,"[cidi_28(12)]=""1""",,,,,,
cidi_29,cidi_sf,,checkbox,"29. Dalla sua ultima valutazione, ha ricevuto uno dei seguenti trattamenti: Può scegliere più di una risposta.","0, Antidepressivi | 1, Psicoterapia (ad esempio terapia cognitiva comportamentale, terapia interpersonale o altri trattamenti con uno psicologo o uno psicoterapeuta) | 2, Programma di aiuto online o intervento di salute online | 3, Programmi di attività  fisica | 4, Terapia della luce | 5, Ricovero in ospedale psichiatrico | 6, Terapia elettroconvulsivante (ECT) | 7, Altro | 8, Nessuno di questi trattamenti",,,,,,"[cidi_28(0)] = '1' or [cidi_28(1)] = '1' or [cidi_28(2)] = '1' or [cidi_28(3)] = '1' or [cidi_28(4)] = '1' or [cidi_28(5)] = '1' or [cidi_28(6)] = '1' or [cidi_28(7)] = '1' or [cidi_28(8)] = '1' or [cidi_28(9)] = '1' or [cidi_28(10)] = '1' or [cidi_28(11)] = '1' or [cidi_28(12)] = '1' or [cidi_28(13)] = '1' or [cidi_27(13)] = '1'",,,,,,
cidi_29a,cidi_sf,,text,Specificare:,,,,,,,"[cidi_29(7)]=""1""",,,,,,
cidi_30,cidi_sf,,text,"30. Qual è il suo peso in Kg? Si prega di arrotondare la risposta al numero intero più vicino.",,kg,integer,,,,"[cidi_29(0)] = '1' or [cidi_29(1)] = '1' or [cidi_29(2)] = '1' or [cidi_29(3)] = '1' or [cidi_29(4)] = '1' or [cidi_29(5)] = '1' or [cidi_29(6)] = '1' or [cidi_29(7)] = '1' or [cidi_29(8)] = '1'",,,,,,
gad7_1,gad7,"Nelle ultime 2 settimane, con quale frequenza le ha dato fastidio ciascuno dei seguenti problemi?",radio,"1. Sentirsi nervoso/a, ansioso/a o teso/a.","0, Mai | 1, Alcuni giorni | 2, Per oltre la metà dei giorni | 3, Quasi ogni giorno",,,,,,,,,,gad7,,
gad7_2,gad7,,radio,"2. Non riuscire a smettere di preoccuparsi o a tenere sotto controllo le preoccupazioni.","0, Mai | 1, Alcuni giorni | 2, Per oltre la metà dei giorni | 3, Quasi ogni giorno",,,,,,,,,,gad7,,
gad7_3,gad7,,radio,"3. Preoccuparsi troppo per varie cose.","0, Mai | 1, Alcuni giorni | 2, Per oltre la metà dei giorni | 3, Quasi ogni giorno",,,,,,,,,,gad7,,
gad7_4,gad7,,radio,"4. Avere difficoltà a rilassarsi.","0, Mai | 1, Alcuni giorni | 2, Per oltre la metà dei giorni | 3, Quasi ogni giorno",,,,,,,,,,gad7,,
gad7_5,gad7,,radio,"5. Essere talmente irrequieto/a da far fatica a stare seduto/a fermo/a.","0, Mai | 1, Alcuni giorni | 2, Per oltre la metà dei giorni | 3, Quasi ogni giorno",,,,,,,,,,gad7,,
gad7_6,gad7,,radio,"6. Infastidirsi o irritarsi facilmente.","0, Mai | 1, Alcuni giorni | 2, Per oltre la metà dei giorni | 3, Quasi ogni giorno",,,,,,,,,,gad7,,
gad7_7,gad7,,radio,"7. Avere paura che possa succedere qualcosa di terribile.","0, Mai | 1, Alcuni giorni | 2, Per oltre la metà dei giorni | 3, Quasi ogni giorno",,,,,,,,,,gad7,,
wsas_0,wsas,,radio,"Lei è in pensione o ha scelto di non lavorare per ragioni non legate alla tua sclerosi multipla (SM)?","0, Si | 1, No",,,,,,,,,,,,
wsas_1,wsas,,radio,"1. A causa della mia SM, la mia capacità  di lavorare è compromessa.","0, 0 Per niente | 1, 1 | 2, 2 | 3, 3 | 4, 4 | 5, 5 | 6, 6 | 7, 7 | 8, 8  Severamente, tanto da non riuscire a lavorare",,,,,,"[wsas_0] = '1'",,,,,,
wsas_2,wsas,,radio,"2. A causa della mia SM, la gestione della casa (pulire, riordinare, fare shopping, cucinare, curare i bambini, pagare le bollette) è compromessa.","0, 0 Per niente | 1, 1 | 2, 2 | 3, 3 | 4, 4 | 5, 5 | 6, 6 | 7, 7 | 8, 8  Molto",,,,,,"[wsas_0] = '1'",,,,,,
wsas_3,wsas,,radio,"3. A causa della mia SM, le mie attività di svago in compagnia (ossia svolte con altre persone, come ad esempio andare a feste, nei bar, in discoteca, uscire, fare visite, avere appuntamenti o intrattenersi in casa in compagnia di amici) sono compromesse","0, 0 Per niente | 1, 1 | 2, 2 | 3, 3 | 4, 4 | 5, 5 | 6, 6 | 7, 7 | 8, 8  Molto",,,,,,"[wsas_0] = '1'",,,,,,
wsas_4,wsas,,radio,"4. A causa della mia SM, le mie attività di svago personali (ossia svolte da solo/a, come leggere, fare giardinaggio, fare collezionismo, cucire o fare una passeggiata da solo) sono compromesse.","0, 0 Per niente | 1, 1 | 2, 2 | 3, 3 | 4, 4 | 5, 5 | 6, 6 | 7, 7 | 8, 8  Molto",,,,,,"[wsas_0] = '1'",,,,,,
wsas_5,wsas,,radio,"5. A causa della mia SM, la mia capacità  di intraprendere e mantenere rapporti stretti con alter persone, incluse quelle con cui vivo, è compromessa.","0, 0 Per niente | 1, 1 | 2, 2 | 3, 3 | 4, 4 | 5, 5 | 6, 6 | 7, 7 | 8, 8  Molto",,,,,,"[wsas_0] = '1'",,,,,,
sf36_1,sf_36,,radio,"1. In generale, direbbe che la Sua salute è:","1, Eccellente | 2, Molto buona | 3, Buona | 4, Passabile | 5, Scadente",,,,,,,,,,,,
sf36_2,sf_36,,radio,"2. Rispetto ad un anno fa, come giudicherebbe, ora, la Sua salute in generale?","1, Decisamente migliore adesso rispetto ad un anno fa | 2, Un po' migliore adesso rispetto ad un anno fa | 3, Più o meno uguale rispetto ad un anno fa | 4, Un po' peggiore adesso rispetto ad un anno fa | 5, Decisamente peggiore adesso rispetto ad un anno fa",,,,,,,,,,,,
sf36_3a,sf_36,"3. Le seguenti domande riguardano alcune attività  che potrebbe svolgere nel corso di una qualsiasi giornata. La Sua salute La limita attualmente nello svolgimento di queste attività ?",radio,"a. Attività  fisicamente impegnative, come correre, sollevare oggetti pesanti, praticare sport faticosi","1, SI, mi limita parecchio | 2, SI, mi limita parzialmente | 3, NO, non mi limita per nulla",,,,,,,,,,sf36_3,,
sf36_3b,sf_36,,radio,"b. Attività  di moderato impegno fisico,  come spostare un tavolo, usare l'aspirapolvere, giocare a bocce o fare un giretto in bicicletta","1, SI, mi limita parecchio | 2, SI, mi limita parzialmente | 3, NO, non mi limita per nulla",,,,,,,,,,sf36_3,,
sf36_3c,sf_36,,radio,"c. Sollevare o portare le borse della spesa","1, SI, mi limita parecchio | 2, SI, mi limita parzialmente | 3, NO, non mi limita per nulla",,,,,,,,,,sf36_3,,
sf36_3d,sf_36,,radio,"d. Salire qualche piano di scale","1, SI, mi limita parecchio | 2, SI, mi limita parzialmente | 3, NO, non mi limita per nulla",,,,,,,,,,sf36_3,,
sf36_3e,sf_36,,radio,"e. Salire un piano di scale","1, SI, mi limita parecchio | 2, SI, mi limita parzialmente | 3, NO, non mi limita per nulla",,,,,,,,,,sf36_3,,
sf36_3f,sf_36,,radio,"f. Piegarsi, inginocchiarsi o chinarsi","1, SI, mi limita parecchio | 2, SI, mi limita parzialmente | 3, NO, non mi limita per nulla",,,,,,,,,,sf36_3,,
sf36_3g,sf_36,,radio,"g. Camminare per un chilometro","1, SI, mi limita parecchio | 2, SI, mi limita parzialmente | 3, NO, non mi limita per nulla",,,,,,,,,,sf36_3,,
sf36_3h,sf_36,,radio,"h. Camminare per qualche centinaia di metri","1, SI, mi limita parecchio | 2, SI, mi limita parzialmente | 3, NO, non mi limita per nulla",,,,,,,,,,sf36_3,,
sf36_3i,sf_36,,radio,"i.  Camminare per circa cento metri","1, SI, mi limita parecchio | 2, SI, mi limita parzialmente | 3, NO, non mi limita per nulla",,,,,,,,,,sf36_3,,
sf36_3j,sf_36,,radio,"l.  Fare il bagno o vestirsi da soli","1, SI, mi limita parecchio | 2, SI, mi limita parzialmente | 3, NO, non mi limita per nulla",,,,,,,,,,sf36_3,,
sf36_4a,sf_36,"4. Durante le ultime 4 settimane, ha avuto uno dei seguenti problemi con il Suo lavoro o altre attività  regolari come risultato del Suo stato di salute?",radio,"a. Ha ridotto il tempo dedicato al lavoro o ad altre attività ","1, Si | 2, No",,,,,,,,RH,,,,
sf36_4b,sf_36,,radio,"b. Ha reso meno di quanto avrebbe voluto","1, Si | 2, No",,,,,,,,RH,,,,
sf36_4c,sf_36,,radio,"c. Ha dovuto limitare alcuni tipi di lavoro o di altre attività","1, Si | 2, No",,,,,,,,RH,,,,
sf36_4d,sf_36,,radio,"d. Ha avuto difficoltà  nell'eseguire il lavoro o altre attività (ad esempio, ha fatto più fatica)","1, Si | 2, No",,,,,,,,RH,,,,
sf36_5a,sf_36,"5. Durante le ultime 4 settimane, ha avuto uno dei seguenti problemi con il Suo lavoro o altre attività  regolari come risultato di qualche problema emotivo?",radio,"a. Ha ridotto il tempo dedicato al lavoro o ad altre attività","1, Si | 2, No",,,,,,,,RH,,,,
sf36_5b,sf_36,,radio,"b. Ha reso meno di quanto avrebbe voluto","1, Si | 2, No",,,,,,,,RH,,,,
sf36_5c,sf_36,,radio,"c. Ha avuto un calo di concentrazione sul lavoro o in altre attività ","1, Si | 2, No",,,,,,,,RH,,,,
sf36_6,sf_36,6,radio,"Nelle ultime 4 settimane, per quanto tempo la Sua salute fisica o il Suo stato emotivo hanno interferito nelle Sue attività  sociali, in famiglia, con gli amici?","1, Per nulla | 2, Leggermente | 3, Un po' | 4, Molto | 5, Moltissimo",,,,,,,,,,,,
sf36_7,sf_36,7,radio,"Quanto dolore fisico ha provato nelle ultime 4 settimane?","1,Nessuno|2, Molto lieve|3, Lieve|4, Moderato|5, Forte|6, Molto forte",,,,,,,,,,,,
sf36_8,sf_36,8,radio,"Nelle ultime 4 settimane, in che misura il dolore l'ha ostacolata nel lavoro che svolge abitualmente (sia in casa sia fuori casa)?","1, Per nulla | 2, Leggermente | 3, Un po' | 4, Molto | 5, Moltissimo",,,,,,,,,,,,
sf36_9a,sf_36,"9. Queste domande riguardano come Si sente e come sono andate le cose nelle ultime 4 settimane. Per ogni domanda, dia una risposta che più si avvicina al modo in cui Si sente. Quanto spesso nelle ultime 4 settimane si è sentito/a: ",radio,"a. vivace brillante?","1, Sempre | 2, Quasi sempre | 3, Molto tempo | 4, Una parte del tempo | 5, Quasi mai | 6, Mai",,,,,,,,,,sf36_9,,
sf36_9b,sf_36,,radio,"b. molto agitato?","1, Sempre | 2, Quasi sempre | 3, Molto tempo | 4, Una parte del tempo | 5, Quasi mai | 6, Mai",,,,,,,,,,sf36_9,,
sf36_9c,sf_36,,radio,"c. così giù di morale che niente avrebbe potuto tirarLa su?","1, Sempre | 2, Quasi sempre | 3, Molto tempo | 4, Una parte del tempo | 5, Quasi mai | 6, Mai",,,,,,,,,,sf36_9,,
sf36_9d,sf_36,,radio,"d. calmo e sereno?","1, Sempre | 2, Quasi sempre | 3, Molto tempo | 4, Una parte del tempo | 5, Quasi mai | 6, Mai",,,,,,,,,,sf36_9,,
sf36_9e,sf_36,,radio,"e. pieno di energia?","1, Sempre | 2, Quasi sempre | 3, Molto tempo | 4, Una parte del tempo | 5, Quasi mai | 6, Mai",,,,,,,,,,sf36_9,,
sf36_9f,sf_36,,radio,"f. scoraggiato e triste?","1, Sempre | 2, Quasi sempre | 3, Molto tempo | 4, Una parte del tempo | 5, Quasi mai | 6, Mai",,,,,,,,,,sf36_9,,
sf36_9g,sf_36,,radio,"g. sfinito?","1, Sempre | 2, Quasi sempre | 3, Molto tempo | 4, Una parte del tempo | 5, Quasi mai | 6, Mai",,,,,,,,,,sf36_9,,
sf36_9h,sf_36,,radio,"h. felice?","1, Sempre | 2, Quasi sempre | 3, Molto tempo | 4, Una parte del tempo | 5, Quasi mai | 6, Mai",,,,,,,,,,sf36_9,,
sf36_9i,sf_36,,radio,"i.  stanco?","1, Sempre | 2, Quasi sempre | 3, Molto tempo | 4, Una parte del tempo | 5, Quasi mai | 6, Mai",,,,,,,,,,sf36_9,,
sf36_10,sf_36,10,radio,"Nelle ultime 4 settimane, per quanto tempo la Sua salute fisica o il Suo stato emotivo hanno interferito nelle Sue attività  sociali, in famiglia, con gli amici?","1, Sempre | 2, Quasi sempre | 3, Una parte del tempo | 4, Quasi mai | 5, Mai",,,,,,,,,,,,
sf36_11a,sf_36,"11. Per Lei, quanto VERA o FALSA è la seguente affermazione?",radio,"a. Mi  pare  di  ammalarmi un po' più facilmente degli altri","1, Certamente vero | 2, In gran parte vero | 3, Non so | 4, In gran parte falso | 5, Certamente falso",,,,,,,,,,sf36_11,,
sf36_11b,sf_36,,radio,"b. La mia salute è come quella degli altri","1, Certamente vero | 2, In gran parte vero | 3, Non so | 4, In gran parte falso | 5, Certamente falso",,,,,,,,,,sf36_11,,
sf36_11c,sf_36,,radio,"c. Mi  aspetto  che  la  mia  salute  andrà  peggiorando","1, Certamente vero | 2, In gran parte vero | 3, Non so | 4, In gran parte falso | 5, Certamente falso",,,,,,,,,,sf36_11,,
sf36_11d,sf_36,,radio,"d. Godo di ottima salute","1, Certamente vero | 2, In gran parte vero | 3, Non so | 4, In gran parte falso | 5, Certamente falso",,,,,,,,,,sf36_11,,
bipq_1,bipq,"Per le seguenti domande, per favore indichi il numero che meglio corrisponde al suo punto di vista.",radio,"1. Quanto la sua malattia Sclerosi Multipla (SM) influenza la sua vita?","0, 0 Non l'influenza per nulla | 1, 1 | 2, 2 | 3, 3 | 4, 4 | 5, 5 | 6, 6 | 7, 7 | 8, 8 | 9, 9 | 10, 10  La influenza gravemente",,,,,,,,,,,,
bipq_2,bipq,,radio,"2. Per quanto tempo pensa che durerà  la sua SM?","0, 0 Per un tempo molto breve | 1, 1 | 2, 2 | 3, 3 | 4, 4 | 5, 5 | 6, 6 | 7, 7 | 8, 8 | 9, 9 | 10, 10 Per sempre",,,,,,,,,,,,
bipq_3,bipq,,radio,"3. Quanto controllo crede di avere sulla sua SM?","0, 0 Assolutamente nessun controllo | 1, 1 | 2, 2 | 3, 3 | 4, 4 | 5, 5 | 6, 6 | 7, 7 | 8, 8 | 9, 9 | 10, 10 Un completo controllo",,,,,,,,,,,,
bipq_4,bipq,,radio,"4. Quanto pensa che il suo trattamento (pillole, ecc.) possa aiutare la sua SM?","0, 0 Per nulla | 1, 1 | 2, 2 | 3, 3 | 4, 4 | 5, 5 | 6, 6 | 7, 7 | 8, 8 | 9, 9 | 10, 10 Estremamente d'aiuto",,,,,,,,,,,,
bipq_5,bipq,,radio,"5. Quanto intensamente avverte i sintomi della sua SM?","0, 0 Alcun sintomo | 1, 1 | 2, 2 | 3, 3 | 4, 4 | 5, 5 | 6, 6 | 7, 7 | 8, 8 | 9, 9 | 10, 10 Sintomi molto gravi",,,,,,,,,,,,
bipq_6,bipq,,radio,"6. Quanto è preoccupato per la sua SM?","0, 0 Per nulla preoccupato | 1, 1 | 2, 2 | 3, 3 | 4, 4 | 5, 5 | 6, 6 | 7, 7 | 8, 8 | 9, 9 | 10, 10 Estremamente preoccupato",,,,,,,,,,,,
bipq_7,bipq,,radio,"7. Quanto crede di capire bene la sua SM?","0, 0 Per nulla | 1, 1 | 2, 2 | 3, 3 | 4, 4 | 5, 5 | 6, 6 | 7, 7 | 8, 8 | 9, 9 | 10, 10 Molto",,,,,,,,,,,,
bipq_8,bipq,,radio,"8. Quanto la sua malattia ha cambiato le sue emozioni? (ad es. la fa sentire arrabbiato/a, spaventato/a, turbato/a, depresso/a?)","0, 0 Non ha cambiato per nulla le mie emozioni | 1, 1 | 2, 2 | 3, 3 | 4, 4 | 5, 5 | 6, 6 | 7, 7 | 8, 8 | 9, 9 | 10, 10 Ha cambiato estremamente le mie emozioni",,,,,,,,,,,,
csri_1_1a,csri,"1. Negli ultimi 3 mesi, quali tra le seguenti figure professionali ha consultato:",radio,"Medico di base","0, No | 1, Si",,,,,,,,,,csri_1_1,,
csri_1_1b,csri,,radio,Neurologo,"0, No | 1, Si",,,,,,,,,,csri_1_1,,
csri_1_1c,csri,,radio,Psichiatra,"0, No | 1, Si",,,,,,,,,,csri_1_1,,
csri_1_1d,csri,,radio,"Altri medici (specificare)","0, No | 1, Si",,,,,,,,,,csri_1_1,,
csri_1_1e,csri,,radio,"Infermiera praticante","0, No | 1, Si",,,,,,,,,,csri_1_1,,
csri_1_1f,csri,,radio,Farmacista,"0, No | 1, Si",,,,,,,,,,csri_1_1,,
csri_1_1g,csri,,radio,Psicologo/terapista,"0, No | 1, Si",,,,,,,,,,csri_1_1,,
csri_1_1h,csri,,radio,Psicoterapista,"0, No | 1, Si",,,,,,,,,,csri_1_1,,
csri_1_1i,csri,,radio,"Assistente sociale","0, No | 1, Si",,,,,,,,,,csri_1_1,,
csri_1_1j,csri,,radio,"Assistente ai servizi di salute mentale","0, No | 1, Si",,,,,,,,,,csri_1_1,,
csri_1_1k,csri,,radio,Agopunturista,"0, No | 1, Si",,,,,,,,,,csri_1_1,,
csri_1_1l,csri,,radio,Osteopata,"0, No | 1, Si",,,,,,,,,,csri_1_1,,
csri_1_1m,csri,,radio,Omeopata/erborista,"0, No | 1, Si",,,,,,,,,,csri_1_1,,
csri_1_1n,csri,,radio,"Terapista dell'occupazione","0, No | 1, Si",,,,,,,,,,csri_1_1,,
csri_1_1o,csri,,radio,"Altri (specifare)","0, No | 1, Si",,,,,,,,,,csri_1_1,,
csri_1_1d2,csri,,text,"Per favore specificare altro dottore",,,,,,,"[csri_1_1d]=""1""",,,,,,
csri_1_1o2,csri,,text,"Per favore specificare altro ",,,,,,,"[csri_1_1o]=""1""",,,,,,
csri_1_5a,csri,"1. Qual è il numero di contatti negli ultimi 6 mesi legati alla Sclerosi Multipla (SM), che ha avuto con (a):",text,"Medico di base",,,,,,,"([csri_1_2a]=0 or [csri_1_2a]="""") and ([csri_1_3a]=0 or [csri_1_3a]="""") and [csri_1_1a]=""1""",,,,,,
csri_1_5b,csri,,text,Neurologo,,,,,,,"([csri_1_2b]=0 or [csri_1_2b]="""") and ([csri_1_3b]=0 or [csri_1_3b]="""") and [csri_1_1b]=""1""",,,,,,
csri_1_5c,csri,,text,Psichiatra,,,,,,,"([csri_1_2c]=0 or [csri_1_2c]="""") and ([csri_1_3c]=0 or [csri_1_3c]="""") and [csri_1_1c]=""1""",,,,,,
csri_1_5d,csri,,text,"Altri medici (specificare)",,,,,,,"([csri_1_2d]=0 or [csri_1_2d]="""") and ([csri_1_3d]=0 or [csri_1_3d]="""") and [csri_1_1d]=""1""",,,,,,
csri_1_5e,csri,,text,"Infermiera praticante",,,,,,,"([csri_1_2e]=0 or [csri_1_2e]="""") and ([csri_1_3e]=0 or [csri_1_3e]="""") and [csri_1_1e]=""1""",,,,,,
csri_1_5f,csri,,text,Farmacista,,,,,,,"([csri_1_2f]=0 or [csri_1_2f]="""") and ([csri_1_3f]=0 or [csri_1_3f]="""") and [csri_1_1f]=""1""",,,,,,
csri_1_5g,csri,,text,Psicologo/terapista,,,,,,,"([csri_1_2g]=0 or [csri_1_2g]="""") and ([csri_1_3g]=0 or [csri_1_3g]="""") and [csri_1_1g]=""1""",,,,,,
csri_1_5h,csri,,text,Psicoterapista,,,,,,,"([csri_1_2h]=0 or [csri_1_2h]="""") and ([csri_1_3h]=0 or [csri_1_3h]="""") and [csri_1_1h]=""1""",,,,,,
csri_1_5i,csri,,text,"Assistente sociale",,,,,,,"([csri_1_2i]=0 or [csri_1_2i]="""") and ([csri_1_3i]=0 or [csri_1_3i]="""") and [csri_1_1i]=""1""",,,,,,
csri_1_5j,csri,,text,"Assistente ai servizi di salute mentale",,,,,,,"([csri_1_2j]=0 or [csri_1_2j]="""") and ([csri_1_3j]=0 or [csri_1_3j]="""") and [csri_1_1j]=""1""",,,,,,
csri_1_5k,csri,,text,Agopunturista,,,,,,,"([csri_1_2k]=0 or [csri_1_2k]="""") and ([csri_1_3k]=0 or [csri_1_3k]="""") and [csri_1_1k]=""1""",,,,,,
csri_1_5l,csri,,text,Osteopata,,,,,,,"([csri_1_2l]=0 or [csri_1_2l]="""") and ([csri_1_3l]=0 or [csri_1_3l]="""") and [csri_1_1l]=""1""",,,,,,
csri_1_5m,csri,,text,Omeopata/erborista,,,,,,,"([csri_1_2m]=0 or [csri_1_2m]="""") and ([csri_1_3m]=0 or [csri_1_3m]="""") and [csri_1_1m]=""1""",,,,,,
csri_1_5n,csri,,text,"Terapista dell'occupazione",,,,,,,"([csri_1_2n]=0 or [csri_1_2n]="""") and ([csri_1_3n]=0 or [csri_1_3n]="""") and [csri_1_1n]=""1""",,,,,,
csri_1_5o,csri,,text,"Altri (specifare)",,,,,,,"([csri_1_2o]=0 or [csri_1_2o]="""") and ([csri_1_3o]=0 or [csri_1_3o]="""") and [csri_1_1o]=""1""",,,,,,
csri_1_2a,csri,"1. Qual è il numero di contatti negli ultimi 6 mesi legati alla DEPRESSIONE , che ha avuto con (a):",text,"Medico di base",,,integer,,,,"[csri_1_1a]=""1""",,,,,,
csri_1_2b,csri,,text,Neurologo,,,integer,,,,"[csri_1_1b]=""1""",,,,,,
csri_1_2c,csri,,text,Psichiatra,,,integer,,,,"[csri_1_1c]=""1""",,,,,,
csri_1_2d,csri,,text,"Altri medici (specificare)",,,integer,,,,"[csri_1_1d]=""1""",,,,,,
csri_1_2e,csri,,text,"Infermiera praticante",,,integer,,,,"[csri_1_1e]=""1""",,,,,,
csri_1_2f,csri,,text,Farmacista,,,integer,,,,"[csri_1_1f]=""1""",,,,,,
csri_1_2g,csri,,text,Psicologo/terapista,,,integer,,,,"[csri_1_1g]=""1""",,,,,,
csri_1_2h,csri,,text,Psicoterapista,,,integer,,,,"[csri_1_1h]=""1""",,,,,,
csri_1_2i,csri,,text,"Assistente sociale",,,integer,,,,"[csri_1_1i]=""1""",,,,,,
csri_1_2j,csri,,text,"Assistente ai servizi di salute mentale",,,integer,,,,"[csri_1_1j]=""1""",,,,,,
csri_1_2k,csri,,text,Agopunturista,,,integer,,,,"[csri_1_1k]=""1""",,,,,,
csri_1_2l,csri,,text,Osteopata,,,integer,,,,"[csri_1_1l]=""1""",,,,,,
csri_1_2m,csri,,text,Omeopata/erborista,,,integer,,,,"[csri_1_1m]=""1""",,,,,,
csri_1_2n,csri,,text,"Terapista dell'occupazione",,,integer,,,,"[csri_1_1n]=""1""",,,,,,
csri_1_2o,csri,,text,"Altri (specifare)",,,integer,,,,"[csri_1_1o]=""1""",,,,,,
csri_1_3a,csri,"1. Qual è il numero di contatti negli ultimi 6 mesi NON legati ne alla DEPRESSIONE/ ne alla SCLEROSI MULTIPLA, che ha avuto con (a):",text,"Medico di base",,,integer,,,,"([csri_1_2a]=0 or [csri_1_2a]="""") and [csri_1_1a]=""1""",,,,,,
csri_1_3b,csri,,text,Neurologo,,,integer,,,,"([csri_1_2b]=0 or [csri_1_2b]="""") and [csri_1_1b]=""1""",,,,,,
csri_1_3c,csri,,text,Psichiatra,,,integer,,,,"([csri_1_2c]=0 or [csri_1_2c]="""") and [csri_1_1c]=""1""",,,,,,
csri_1_3d,csri,,text,"Altri medici (specificare)",,,integer,,,,"([csri_1_2d]=0 or [csri_1_2d]="""") and [csri_1_1d]=""1""",,,,,,
csri_1_3e,csri,,text,"Infermiera praticante",,,integer,,,,"([csri_1_2e]=0 or [csri_1_2e]="""") and [csri_1_1e]=""1""",,,,,,
csri_1_3f,csri,,text,Farmacista,,,integer,,,,"([csri_1_2f]=0 or [csri_1_2f]="""") and [csri_1_1f]=""1""",,,,,,
csri_1_3g,csri,,text,Psicologo/terapista,,,integer,,,,"([csri_1_2g]=0 or [csri_1_2g]="""") and [csri_1_1g]=""1""",,,,,,
csri_1_3h,csri,,text,Psicoterapista,,,integer,,,,"([csri_1_2h]=0 or [csri_1_2h]="""") and [csri_1_1h]=""1""",,,,,,
csri_1_3i,csri,,text,"Assistente sociale",,,integer,,,,"([csri_1_2i]=0 or [csri_1_2i]="""") and [csri_1_1i]=""1""",,,,,,
csri_1_3j,csri,,text,"Assistente ai servizi di salute mentale",,,integer,,,,"([csri_1_2j]=0 or [csri_1_2j]="""") and [csri_1_1j]=""1""",,,,,,
csri_1_3k,csri,,text,Agopunturista,,,integer,,,,"([csri_1_2k]=0 or [csri_1_2k]="""") and [csri_1_1k]=""1""",,,,,,
csri_1_3l,csri,,text,Osteopata,,,integer,,,,"([csri_1_2l]=0 or [csri_1_2l]="""") and [csri_1_1l]=""1""",,,,,,
csri_1_3m,csri,,text,Omeopata/erborista,,,integer,,,,"([csri_1_2m]=0 or [csri_1_2m]="""") and [csri_1_1m]=""1""",,,,,,
csri_1_3n,csri,,text,"Terapista dell'occupazione",,,integer,,,,"([csri_1_2n]=0 or [csri_1_2n]="""") and [csri_1_1n]=""1""",,,,,,
csri_1_3o,csri,,text,"Altri (specifare)",,,integer,,,,"([csri_1_2o]=0 or [csri_1_2o]="""") and [csri_1_1o]=""1""",,,,,,
csri_1_4a,csri,"1. Qual è la durata media (in minuti) di una Sua chiamata con (a)?",text,"Medico di base",,,integer,,,,"([csri_1_2a]>0 or [csri_1_3a]>0 or [csri_1_5a]>0) and [csri_1_1a]=""1""",,,,,,
csri_1_4b,csri,,text,Neurologo,,,integer,,,,"([csri_1_2b]>0 or [csri_1_3b]>0 or [csri_1_5b]>0) and [csri_1_1b]=""1""",,,,,,
csri_1_4c,csri,,text,Psichiatra,,,integer,,,,"([csri_1_2c]>0 or [csri_1_3c]>0 or [csri_1_5c]>0) and [csri_1_1c]=""1""",,,,,,
csri_1_4d,csri,,text,"Altri medici (specificare)",,,integer,,,,"([csri_1_2d]>0 or [csri_1_3d]>0 or [csri_1_5d]>0) and [csri_1_1d]=""1""",,,,,,
csri_1_4e,csri,,text,"Infermiera praticante",,,integer,,,,"([csri_1_2e]>0 or [csri_1_3e]>0 or [csri_1_5e]>0) and [csri_1_1e]=""1""",,,,,,
csri_1_4f,csri,,text,Farmacista,,,integer,,,,"([csri_1_2f]>0 or [csri_1_3f]>0 or [csri_1_5f]>0) and [csri_1_1f]=""1""",,,,,,
csri_1_4g,csri,,text,Psicologo/terapista,,,integer,,,,"([csri_1_2g]>0 or [csri_1_3g]>0 or [csri_1_5g]>0) and [csri_1_1g]=""1""",,,,,,
csri_1_4h,csri,,text,Psicoterapista,,,integer,,,,"([csri_1_2h]>0 or [csri_1_3h]>0 or [csri_1_5h]>0) and [csri_1_1h]=""1""",,,,,,
csri_1_4i,csri,,text,"Assistente sociale",,,integer,,,,"([csri_1_2i]>0 or [csri_1_3i]>0 or [csri_1_5i]>0) and [csri_1_1i]=""1""",,,,,,
csri_1_4j,csri,,text,"Assistente ai servizi di salute mentale",,,integer,,,,"([csri_1_2j]>0 or [csri_1_3j]>0 or [csri_1_5j]>0) and [csri_1_1j]=""1""",,,,,,
csri_1_4k,csri,,text,Agopunturista,,,integer,,,,"([csri_1_2k]>0 or [csri_1_3k]>0 or [csri_1_5k]>0) and [csri_1_1k]=""1""",,,,,,
csri_1_4l,csri,,text,Osteopata,,,integer,,,,"([csri_1_2l]>0 or [csri_1_3l]>0 or [csri_1_5l]>0) and [csri_1_1l]=""1""",,,,,,
csri_1_4m,csri,,text,Omeopata/erborista,,,integer,,,,"([csri_1_2m]>0 or [csri_1_3m]>0 or [csri_1_5m]>0) and [csri_1_1m]=""1""",,,,,,
csri_1_4n,csri,,text,"Terapista dell'occupazione",,,integer,,,,"([csri_1_2n]>0 or [csri_1_3n]>0 or [csri_1_5n]>0) and [csri_1_1n]=""1""",,,,,,
csri_1_4o,csri,,text,"Altri (specifare)",,,integer,,,,"([csri_1_2o]>0 or [csri_1_3o]>0 or [csri_1_5o]>0) and [csri_1_1o]=""1""",,,,,,
csri_2,csri,"2. Negli ultimi 3 mesi",radio,"2. Negli ultimi 3 mesi, Lei è stata/o ricoverato in ospedale?","0, No | 1, Si",,,,,,,,,,,,
csri_2_inpat_adm_times,csri,,radio,"Se si, quante volte?","0, 1 Volta | 1, 2 Volte | 2, 3 volte | 3, 4 Volte | 4, Più di 4 volte",,,,,,"[csri_2] = '1'",,,,,,
csri_2_inpatient_stays,csri,,text,"Se più di 4 volte, quante volte?",,,number,4,100,,"[csri_2_inpat_adm_times] = '4'",,,,,,
csri_3_1st_1,csri,"2. Se si, (primo ricovero)",text,"Qual è il nome dell'ospedale, dipartimento, reparto?",,,,,,,"[csri_2_inpat_adm_times] = '0' or [csri_2_inpat_adm_times] = '1' or [csri_2_inpat_adm_times] = '2' or [csri_2_inpat_adm_times] = '3' or [csri_2_inpat_adm_times] = '4'",,,,,,
csri_3_1st_2,csri,,text,"Qual è il motivo del ricovero?",,,,,,,"[csri_2_inpat_adm_times] = '0' or [csri_2_inpat_adm_times] = '1' or [csri_2_inpat_adm_times] = '2' or [csri_2_inpat_adm_times] = '3' or [csri_2_inpat_adm_times] = '4'",,,,,,
csri_3_1st_3,csri,,text,"Qual è la data del ricovero?",,,date_dmy,,,,"[csri_2_inpat_adm_times] = '0' or [csri_2_inpat_adm_times] = '1' or [csri_2_inpat_adm_times] = '2' or [csri_2_inpat_adm_times] = '3' or [csri_2_inpat_adm_times] = '4'",,,,,,
csri_3_1st_4,csri,,text,"Qual è la data di fine ricovero?",,,date_dmy,,,,"[csri_2_inpat_adm_times] = '0' or [csri_2_inpat_adm_times] = '1' or [csri_2_inpat_adm_times] = '2' or [csri_2_inpat_adm_times] = '3' or [csri_2_inpat_adm_times] = '4'",,,,,,
csri_3_1st_5,csri,,text,"Numero totale di giorni di ricovero",,,integer,,,,"[csri_2_inpat_adm_times] = '0' or [csri_2_inpat_adm_times] = '1' or [csri_2_inpat_adm_times] = '2' or [csri_2_inpat_adm_times] = '3' or [csri_2_inpat_adm_times] = '4'",,,,,,
csri_3_2nd_1,csri,"2. Se si, (secondo ricovero)",text,"Qual è il nome dell'ospedale, dipartimento, reparto?",,,,,,,"[csri_2_inpat_adm_times] = '1' or [csri_2_inpat_adm_times] = '2' or [csri_2_inpat_adm_times] = '3' or [csri_2_inpat_adm_times] = '4'",,,,,,
csri_3_2nd_2,csri,,text,"Qual è il motivo del ricovero?",,,,,,,"[csri_2_inpat_adm_times] = '1' or [csri_2_inpat_adm_times] = '2' or [csri_2_inpat_adm_times] = '3' or [csri_2_inpat_adm_times] = '4'",,,,,,
csri_3_2nd_3,csri,,text,"Qual è la data del ricovero?",,,date_dmy,,,,"[csri_2_inpat_adm_times] = '1' or [csri_2_inpat_adm_times] = '2' or [csri_2_inpat_adm_times] = '3' or [csri_2_inpat_adm_times] = '4'",,,,,,
csri_3_2nd_4,csri,,text,"Qual è la data di fine ricovero?",,,date_dmy,,,,"[csri_2_inpat_adm_times] = '1' or [csri_2_inpat_adm_times] = '2' or [csri_2_inpat_adm_times] = '3' or [csri_2_inpat_adm_times] = '4'",,,,,,
csri_3_2nd_5,csri,,text,"Numero totale di giorni di ricovero",,,integer,,,,"[csri_2_inpat_adm_times] = '1' or [csri_2_inpat_adm_times] = '2' or [csri_2_inpat_adm_times] = '3' or [csri_2_inpat_adm_times] = '4'",,,,,,
csri_3_3rd_1,csri,"2. Se si, (terzo ricovero)",text,"Qual è il nome dell'ospedale, dipartimento, reparto?",,,,,,,"[csri_2_inpat_adm_times] = '2' or [csri_2_inpat_adm_times] = '3' or [csri_2_inpat_adm_times] = '4'",,,,,,
csri_3_3rd_2,csri,,text,"Qual è il motivo del ricovero?",,,,,,,"[csri_2_inpat_adm_times] = '2' or [csri_2_inpat_adm_times] = '3' or [csri_2_inpat_adm_times] = '4'",,,,,,
csri_3_3rd_3,csri,,text,"Qual è la data del ricovero?",,,date_dmy,,,,"[csri_2_inpat_adm_times] = '2' or [csri_2_inpat_adm_times] = '3' or [csri_2_inpat_adm_times] = '4'",,,,,,
csri_3_3rd_4,csri,,text,"Qual è la data di fine ricovero?",,,date_dmy,,,,"[csri_2_inpat_adm_times] = '2' or [csri_2_inpat_adm_times] = '3' or [csri_2_inpat_adm_times] = '4'",,,,,,
csri_3_3rd_5,csri,,text,"Numero totale di giorni di ricovero",,,integer,,,,"[csri_2_inpat_adm_times] = '2' or [csri_2_inpat_adm_times] = '3' or [csri_2_inpat_adm_times] = '4'",,,,,,
csri_3_4th_1,csri,"2. Se si, (quarto ricovero)",text,"Qual è il nome dell'ospedale, dipartimento, reparto?",,,,,,,"[csri_2_inpat_adm_times] = '3' or [csri_2_inpat_adm_times] = '4'",,,,,,
csri_3_4th_2,csri,,text,"Qual è il motivo del ricovero?",,,,,,,"[csri_2_inpat_adm_times] = '3' or [csri_2_inpat_adm_times] = '4'",,,,,,
csri_3_4th_3,csri,,text,"Qual è la data del ricovero?",,,date_dmy,,,,"[csri_2_inpat_adm_times] = '3' or [csri_2_inpat_adm_times] = '4'",,,,,,
csri_3_4th_4,csri,,text,"Qual è la data di fine ricovero?",,,date_dmy,,,,"[csri_2_inpat_adm_times] = '3' or [csri_2_inpat_adm_times] = '4'",,,,,,
csri_3_4th_5,csri,,text,"Numero totale di giorni di ricovero",,,integer,,,,"[csri_2_inpat_adm_times] = '3' or [csri_2_inpat_adm_times] = '4'",,,,,,
csri_4,csri,"3. Negli ultimi 3 mesi",text,"Quante volte ha dovuto gestire degli eventi avversi?",,,integer,,,,,,,,,,
csri_5_1_1,csri,"4. Negli ultimi 6 mesi, Lei ha ricevuto aiuto da amici o parenti in uno dei seguenti compiti, a causa dei suoi problemi di salute?",radio,"Assistenza per i bambini (indichi No se Lei non ha figli)","0, No | 1, Si",,,,,,,,,,,,
csri_5_1_2,csri,,radio,"Cura personale (ad esempio per lavarsi, vestirsi....)","0, No|1, Si",,,,,,,,,,,,
csri_5_1_3,csri,,radio,"Aiuto in casa (ad esempio per cucinare o pulire....)","0, No|1, Si",,,,,,,,,,,,
csri_5_1_4,csri,,radio,"Aiuto fuori casa (ad esempio per fare shopping, o per gli spostamenti)","0, No|1, Si",,,,,,,,,,,,
csri_5_1_5,csri,,radio,"Altro (specificare)","0, No|1, Si",,,,,,,,,,,,
csri_5_1_5a,csri,"Se ''si''",text,Specificare,,,,,,,"[csri_5_1_5]=""1""",,,,,,
csri_5_2_1,csri,,text,"Qual è la media di ore settimanale per l'assistenza dei bambini?",,,integer,,,,"[csri_5_1_1] = '1'",,,,,,
csri_5_2_2,csri,,text,"Qual è la media di ore settimanale per la cura personale (ad esempio per lavarsi, vestirsi....)?",,,integer,,,,"[csri_5_1_2] = '1'",,,,,,
csri_5_2_3,csri,,text,"Qual è la media di ore settimanale per l' aiuto in casa (ad esempio per cucinare o pulire....)?",,,integer,,,,"[csri_5_1_3] = '1'",,,,,,
csri_5_2_4,csri,,text,"Qual è la media di ore settimanale per l' aiuto fuori casa (ad esempio per fare shopping, o per gli spostamenti)?",,,integer,,,,"[csri_5_1_4] = '1'",,,,,,
csri_5_2_5,csri,,text,"Qual è la media di ore settimanale per l'aiuto ricevuto?",,,integer,,,,"[csri_5_1_5] = '1'",,,,,,
csri_5_2_5a,csri,"Se ''altro aiuto''",text,Specificare,,,,,,,"[csri_5_2_5]=""1""",,,,,,
csri_6_num_med,csri,"5. Si prega di elencare i farmaci assunti negli ultimi 3 mesi",dropdown,"Negli ultimi 3 mesi, quanti farmaci ha regolarmente preso?","0, Nessuno | 1, 1 | 2, 2 | 3, 3 | 4, 4 | 5, 5 | 6, 6 | 7,  PiÃ¹ di 6",,,,,,,,,,,,
csri_6_1_1,csri,"Farmaco 1",text,"Farmaco 1: Qual è il nome del farmaco?",,,,,,,"[csri_6_num_med] = '1' or [csri_6_num_med] = '2' or [csri_6_num_med] = '3' or [csri_6_num_med] = '4' or [csri_6_num_med] = '5' or [csri_6_num_med] = '6' or [csri_6_num_med] = '7'",,,,,,
csri_6_1_2,csri,,text,"Farmaco 1: Qual è il dosaggio? (se noto)",,,,,,,"[csri_6_num_med] = '1' or [csri_6_num_med] = '2' or [csri_6_num_med] = '3' or [csri_6_num_med] = '4' or [csri_6_num_med] = '5' or [csri_6_num_med] = '6' or [csri_6_num_med] = '7'",,,,,,
csri_6_1_3,csri,,text,"Farmaco 1: Qual è la frequenza del dosaggio? (ad es. una volta al giorno)",,,,,,,"[csri_6_num_med] = '1' or [csri_6_num_med] = '2' or [csri_6_num_med] = '3' or [csri_6_num_med] = '4' or [csri_6_num_med] = '5' or [csri_6_num_med] = '6' or [csri_6_num_med] = '7'",,,,,,
csri_6_1_4,csri,,text,"Farmaco 1: Per quanto tempo ha preso questo farmaco?",,,,,,,"[csri_6_num_med] = '1' or [csri_6_num_med] = '2' or [csri_6_num_med] = '3' or [csri_6_num_med] = '4' or [csri_6_num_med] = '5' or [csri_6_num_med] = '6' or [csri_6_num_med] = '7'",,,,,,
csri_6_2_1,csri,"Farmaco 2",text,"Farmaco 2: Qual è il nome del farmaco?",,,,,,,"[csri_6_num_med] = '2' or [csri_6_num_med] = '3' or [csri_6_num_med] = '4' or [csri_6_num_med] = '5' or [csri_6_num_med] = '6' or [csri_6_num_med] = '7'",,,,,,
csri_6_2_2,csri,,text,"Farmaco 2: Qual è il dosaggio? (se noto)",,,,,,,"[csri_6_num_med] = '2' or [csri_6_num_med] = '3' or [csri_6_num_med] = '4' or [csri_6_num_med] = '5' or [csri_6_num_med] = '6' or [csri_6_num_med] = '7'",,,,,,
csri_6_2_3,csri,,text,"Farmaco 2: Qual è la frequenza del dosaggio? (ad es. una volta al giorno)",,,,,,,"[csri_6_num_med] = '2' or [csri_6_num_med] = '3' or [csri_6_num_med] = '4' or [csri_6_num_med] = '5' or [csri_6_num_med] = '6' or [csri_6_num_med] = '7'",,,,,,
csri_6_2_4,csri,,text,"Farmaco 2: Per quanto tempo ha preso questo farmaco?",,,,,,,"[csri_6_num_med] = '2' or [csri_6_num_med] = '3' or [csri_6_num_med] = '4' or [csri_6_num_med] = '5' or [csri_6_num_med] = '6' or [csri_6_num_med] = '7'",,,,,,
csri_6_3_1,csri,"Farmaco 3",text,"Farmaco3: Qual è il nome del farmaco?",,,,,,,"[csri_6_num_med] = '3' or [csri_6_num_med] = '4' or [csri_6_num_med] = '5' or [csri_6_num_med] = '6' or [csri_6_num_med] = '7'",,,,,,
csri_6_3_2,csri,,text,"Farmaco 3: Qual è il dosaggio? (se noto)",,,,,,,"[csri_6_num_med] = '3' or [csri_6_num_med] = '4' or [csri_6_num_med] = '5' or [csri_6_num_med] = '6' or [csri_6_num_med] = '7'",,,,,,
csri_6_3_3,csri,,text,"Farmaco 3: Qual è la frequenza del dosaggio? (ad es. una volta al giorno)",,,,,,,"[csri_6_num_med] = '3' or [csri_6_num_med] = '4' or [csri_6_num_med] = '5' or [csri_6_num_med] = '6' or [csri_6_num_med] = '7'",,,,,,
csri_6_3_4,csri,,text,"Farmaco 3: Per quanto tempo ha preso questo farmaco?",,,,,,,"[csri_6_num_med] = '3' or [csri_6_num_med] = '4' or [csri_6_num_med] = '5' or [csri_6_num_med] = '6' or [csri_6_num_med] = '7'",,,,,,
csri_6_4_1,csri,"Farmaco 4",text,"Farmaco 4: Qual è il nome del farmaco?",,,,,,,"[csri_6_num_med] = '4' or [csri_6_num_med] = '5' or [csri_6_num_med] = '6' or [csri_6_num_med] = '7'",,,,,,
csri_6_4_2,csri,,text,"Farmaco 4: Qual è il dosaggio? (se noto)",,,,,,,"[csri_6_num_med] = '4' or [csri_6_num_med] = '5' or [csri_6_num_med] = '6' or [csri_6_num_med] = '7'",,,,,,
csri_6_4_3,csri,,text,"Farmaco 4: Qual è la frequenza del dosaggio? (ad es. una volta al giorno)",,,,,,,"[csri_6_num_med] = '4' or [csri_6_num_med] = '5' or [csri_6_num_med] = '6' or [csri_6_num_med] = '7'",,,,,,
csri_6_4_4,csri,,text,"Farmaco 4: Per quanto tempo ha preso questo farmaco?",,,,,,,"[csri_6_num_med] = '4' or [csri_6_num_med] = '5' or [csri_6_num_med] = '6' or [csri_6_num_med] = '7'",,,,,,
csri_6_5_1,csri,"Farmaco 5",text,"Farmaco 5: Qual è il nome del farmaco?",,,,,,,"[csri_6_num_med] = '5' or [csri_6_num_med] = '6' or [csri_6_num_med] = '7'",,,,,,
csri_6_5_2,csri,,text,"Farmaco 5: Qual è il dosaggio? (se noto)",,,,,,,"[csri_6_num_med] = '5' or [csri_6_num_med] = '6' or [csri_6_num_med] = '7'",,,,,,
csri_6_5_3,csri,,text,"Farmaco 5: Qual è la frequenza del dosaggio? (ad es. una volta al giorno)",,,,,,,"[csri_6_num_med] = '5' or [csri_6_num_med] = '6' or [csri_6_num_med] = '7'",,,,,,
csri_6_5_4,csri,,text,"Farmaco 5: Per quanto tempo ha preso questo farmaco?",,,,,,,"[csri_6_num_med] = '5' or [csri_6_num_med] = '6' or [csri_6_num_med] = '7'",,,,,,
csri_6_6_1,csri,"Farmaco 6",text,"Farmaco 6: Qual è il nome del farmaco?",,,,,,,"[csri_6_num_med] = '6' or [csri_6_num_med] = '7'",,,,,,
csri_6_6_2,csri,,text,"Farmaco 6: Qual è il dosaggio? (se noto)",,,,,,,"[csri_6_num_med] = '6' or [csri_6_num_med] = '7'",,,,,,
csri_6_6_3,csri,,text,"Farmaco 6: Qual è la frequenza del dosaggio? (ad es. una volta al giorno)",,,,,,,"[csri_6_num_med] = '6' or [csri_6_num_med] = '7'",,,,,,
csri_6_6_4,csri,,text,"Farmaco 6: Per quanto tempo ha preso questo farmaco?",,,,,,,"[csri_6_num_med] = '6' or [csri_6_num_med] = '7'",,,,,,
csri_7,csri,"6. Attuale stato occupazionale",radio,"Qual è il suo attuale stato occupazionale?","0, Impiegato a tempo pieno e lavoro. | 1, Impiegato a tempo pieno, ma a casa per malattia. | 2, Impiegato part-time. | 3, Impiegato part-time ma a casa per malattia. | 4, Disoccupato. | 5, Lavoratore autonomo e lavoro. | 6, Lavoratore autonomo ma a casa per malattia | 8, Pensionato (per motivi di salute). | 9, Studente. | 10, Studente ma ho interrotto a causa di motivi di salute. | 11, Casalinga/o. | 12, Altro",,,,,,,,,,,,
csri_7a,csri,,text,"Se il Suo stato occupazionale è ''Altro'', per favore specifichi",,,,,,,"[csri_7]=""12""",,,,,,
csri_8,csri,"7. Quanti giorni (se ci sono stati) Lei non è andata/o a lavoro negli ultimi 3 mesi a causa di problemi di",text,"a. Salute fisica?",,,integer,,,,,,,,,,
csri_9,csri,,text,"b. Salute mentale?",,,integer,,,,,,,,,,
lte_1,lte_sr,"Dall'ultima valutazione (visita), Le è accaduto uno dei seguenti eventi:",radio,"Ha avuto una grave malattia, un infortunio o un aggressione","0, No | 1, Si",,,,,,,,,,lte,,
lte_2,lte_sr,,radio,"Un Suo parente stretto ha subito una grave malattia, infortunio o un aggressione.","0, No | 1, Si",,,,,,,,,,lte,,
lte_3,lte_sr,,radio,"Un Suo parente, figlio/a o compagno/a è morto.","0, No | 1, Si",,,,,,,,,,lte,,
lte_4,lte_sr,,radio,"Un amico di famiglia o un altro parente (zio/a, cugino/a, nonno/a) è morto.","0, No | 1, Si",,,,,,,,,,lte,,
lte_5,lte_sr,,radio,"Lei ha subito una separazione a causa di problemi matrimoniali o con il suo compagno/a.","0, No | 1, Si",,,,,,,,,,lte,,
lte_6,lte_sr,,radio,"Ha interrotto una relazione duratura.","0, No | 1, Si",,,,,,,,,,lte,,
lte_7,lte_sr,,radio,"Ha avuto seri problemi con un caro amico, vicino o parente.","0, No | 1, Si",,,,,,,,,,lte,,
lte_8,lte_sr,,radio,"Ha perso il lavoro o lo ha cercato per più di un mese senza successo","0, No | 1, Si",,,,,,,,,,lte,,
lte_9,lte_sr,,radio,"E' stata/o licenziata/o","0, No | 1, Si",,,,,,,,,,lte,,
lte_10,lte_sr,,radio,"Ha avuto gravi problem finanziari","0, No | 1, Si",,,,,,,,,,lte,,
lte_11,lte_sr,,radio,"Lei ha avuto problem con la polizia o giudiziari.","0, No | 1, Si",,,,,,,,,,lte,,
lte_12,lte_sr,,radio,"Qualcosa a cui tenevi molto è stato perso o derubato: Almeno uno di questi eventi negli ultimi 3 mesi","0, No | 1, Si",,,,,,,,,,lte,,
lte_13,lte_sr,,radio,"Qualcosa a cui tenevi molto è stato perso o derubato: Almeno uno di questi eventi negli ultimi 6 mesi","0, No | 1, Si",,,,,,,,,,lte,,
clinc_info_conc_medi,clinical_information,"Concomitant medication",radio,"Are you currently taking any concomitant medication other than from MS?","0, No | 1, Yes",,,,,,,,,,,,
clinc_info_conc_medi_medic,clinical_information,,text,Medication:,,,,,,,"[clinc_info_conc_medi] = '1'",,,,,,
clinc_info_conc_medi_dose,clinical_information,,text,Dose:,,,,,,,"[clinc_info_conc_medi] = '1'",,,,,,
clinc_info_conc_medi_units,clinical_information,,text,Units:,,,,,,,"[clinc_info_conc_medi] = '1'",,,,,,
clinc_info_conc_medi_frequency,clinical_information,,text,Frequency:,,,,,,,"[clinc_info_conc_medi] = '1'",,,,,,
clinc_info_conc_medi_route,clinical_information,,text,Route:,,,,,,,"[clinc_info_conc_medi] = '1'",,,,,,
cl_info_conc_medi_reason,clinical_information,,text,Reason:,,,,,,,"[clinc_info_conc_medi] = '1'",,,,,,
clinc_info_conc_medi_indication,clinical_information,,text,Indication:,,,,,,,"[clinc_info_conc_medi] = '1'",,,,,,
clinc_info_conc_medi_st_date,clinical_information,,text,"Start Date:",,,date_dmy,,,,"[clinc_info_conc_medi] = '1'",,,,,,
clinc_info_conc_medi_end_date,clinical_information,,text,"End Date:",,,date_dmy,,,,"[clinc_info_conc_medi] = '1'",,,,,,
cl_info_conc_proced,clinical_information,"Concomitant procedures",radio,"Are you currently receiving any concomitant procedures?","0, No | 1, Yes",,,,,,,,,,,,
cl_info_conc_proced_proced,clinical_information,,text,Procedure:,,,,,,,"[cl_info_conc_proced] = '1'",,,,,,
cl_info_conc_proced_reason,clinical_information,,radio,Reason:,"0, Medical | 1, MS | 2, Depression",,,,,,"[cl_info_conc_proced] = '1'",,,,,,
cl_info_conc_proced_indication,clinical_information,,text,Indication:,,,,,,,"[cl_info_conc_proced] = '1'",,,,,,
cl_info_conc_proced_st_date,clinical_information,,text,"Start Date:",,,date_dmy,,,,"[cl_info_conc_proced] = '1'",,,,,,
cl_info_conc_proced_end_date,clinical_information,,text,"End Date:",,,date_dmy,,,,"[cl_info_conc_proced] = '1'",,,,,,
ch_ms_tr_med_adh,changes_in_ms_treatment_and_medication_adherence,,radio,"Are you currently take DMT?","0, No | 1, Yes",,,,,,,,,,,,
ch_ms_tr_med_adh_percentage,changes_in_ms_treatment_and_medication_adherence,,slider,"People often do not take their medication for several reasons. In the past (3) month(s), what percentage of the time have you taken your medication as prescribed?","0 | 100",,number,,,,"[ch_ms_tr_med_adh] = '1'",,RH,,,,
ch_ms_tr_med_adh_dmt_change,changes_in_ms_treatment_and_medication_adherence,,radio,"Did the DMT changed from previous visit?","0, No | 1, Yes",,,,,,,,,,,,
ch_ms_tr_med_adh_reason_chang,changes_in_ms_treatment_and_medication_adherence,,radio,"What was the reasons of the change:","0, Inefficacy | 1, Side Effects | 2, Patient decision | 3, Other",,,,,,"[ch_ms_tr_med_adh_dmt_change] = '1'",,,,,,
ch_ms_tr_med_adh_specify,changes_in_ms_treatment_and_medication_adherence,,text,Specify:,,,,,,,"[ch_ms_tr_med_adh_reason_chang] = '3'",,,,,,
ms_sympt_relap_ass,ms_symptomatology_relapse_assessment,,radio,"1. Did you experienced any relapse since the last visit (diagnosed by your neurologist)? ","0, No | 1, Yes",,,,,,,,,,,,
ms_sympt_relap_ass_dat_onset,ms_symptomatology_relapse_assessment,,text,"Date of onset symptoms",,,date_dmy,,,,"[ms_sympt_relap_ass] = '1'",,,,,,
ms_sympt_relap_ass_neu_func_aff,ms_symptomatology_relapse_assessment,,radio,"Neuorological functions affected:","0, Visual | 1, Pyramidal | 2, Cerebellar | 3, Sensory | 4, Other",,,,,,"[ms_sympt_relap_ass] = '1'",,,,,,
ms_sympt_relap_ass_specify,ms_symptomatology_relapse_assessment,,text,Specify:,,,,,,,"[ms_sympt_relap_ass_neu_func_aff] = '4'",,,,,,
ms_sympt_relap_ass_steroids,ms_symptomatology_relapse_assessment,,radio,"2. Did you received any steroids treatment since the last visit? ","0, No | 1, Yes",,,,,,,,,,,,
ms_symp_relap_ass_specify2,ms_symptomatology_relapse_assessment,,descriptive,"**********If Yes please fill ''comncomitant medication'' in ""clinical information instrument""**********",,,,,,,"[ms_sympt_relap_ass_steroids] = '1'",,,,,,
adv_event_experienced,adverse_event,,radio,"1. Did you experienced any adverse event since the last visit?","0, No | 1, Yes",,,,,,,,,,,,
adv_event_diagnosis,adverse_event,,text,Diagnosis:,,,,,,,"[adv_event_experienced] = '1'",,,,,,
adv_event_severity,adverse_event,,radio,Severity:,"0, Moderate | 1, Mild | 2, Severe",,,,,,"[adv_event_experienced] = '1'",,,,,,
adv_event_techn_procedures,adverse_event,,radio,"It is related to study technology or procedures:","0, No | 1, Yes",,,,,,"[adv_event_experienced] = '1'",,,,,,
adv_event_start_date,adverse_event,,text,"Start Date:",,,date_dmy,,,,"[adv_event_experienced] = '1'",,,,,,
adv_event_end_date,adverse_event,,text,"End Date:",,,date_dmy,,,,"[adv_event_experienced] = '1'",,,,,,
adv_event_action_taken,adverse_event,,radio,"Action taken:","0, None | 1, Concomitant medication | 2, Concomitant procedures",,,,,,"[adv_event_experienced] = '1'",,,,,,
adv_event_fill1,adverse_event,,descriptive,"**********Please fill ''concomitant medication'' in ''clinical information'' instrument**********",,,,,,,"[adv_event_action_taken] = '1'",,,,,,
adv_event_fill2,adverse_event,,descriptive,"**********Please fill ''concomitant procedures'' in ''clinical information'' instrument**********",,,,,,,"[adv_event_action_taken] = '2'",,,,,,
adv_event_serious_event,adverse_event,,radio,"It is a serious adverse event? ","0, No | 1, Yes",,,,,,"[adv_event_experienced] = '1'",,,,,,
adv_event_study_technology,adverse_event,,radio,"2. Did you encounter any problem related to use the study technology?","0, No | 1, Yes",,,,,,,,,,,,
adv_event_problem_techn,adverse_event,,descriptive,"**********If Yes fill ''Technological Issues'' instrument**********",,,,,,,"[adv_event_study_technology] = '1'",,,,,,
techn_issues_probl,technological_issues,,radio,"Lei ha incontrato qualche tipo di problema nell'uso della tecnologia?","0, No | 1, Si",,,,,,,,,,,,
techn_issues_type_probl,technological_issues,,radio,"Tipo di problema:","0, Caricamento dati | 1, Connessione Wi-Fi | 2, Configurazione Dispositivi | 3,  Carica della batteria | 4, Altro",,,,,,"[techn_issues_probl] = '1'",,,,,,
techn_issues_type_probl_specfy,technological_issues,,text,Specificare:,,,,,,,"[techn_issues_type_probl] = '4'",,,,,,
techn_issues_probl_st_date,technological_issues,,text,"Data inizio:",,,date_dmy,,,,"[techn_issues_probl] = '1'",,,,,,
techn_issues_probl_end_date,technological_issues,,text,"Data fine:",,,date_dmy,,,,"[techn_issues_probl] = '1'",,,,,,
techn_issues_probl_act_taken,technological_issues,,radio,"Azioni prese:","0, Ri-aggiornamento | 1, Riconfigurazione dei dispositivi, | 2, Sostituzione dispositivi | 3, Altro",,,,,,"[techn_issues_probl] = '1'",,,,,,
techn_issues_probl_act_taken_specify,technological_issues,,text,"Specificare altro:",,,,,,,"[techn_issues_probl_act_taken] = '3'",,,,,,
sdm_score,symbol_digit_modality_test,,text,"Symbol Digit Modality test score",,,integer,,,,,,,,,,
t_25_f_w_visit_date,time_25_foot_walk_msfc,,text,"Visit Date",,,date_mdy,,,,,,,,,,
t_25_f_w_afo,time_25_foot_walk_msfc,,radio,"Did patient wear an AFO?","0, Yes | 1, No",,,,,,,,,,,,
t_25_f_w_deviceused,time_25_foot_walk_msfc,,radio,"Was assistive device used?","0, Yes | 1, No",,,,,,,,,,,,
assistive_device,time_25_foot_walk_msfc,,radio,"Assistive deviced used (mark one)","0, Unilateral Assistance | 1, Cane (unilateral) | 2, Crutch (unilateral) | 3, Bilateral Assistance | 4, Cane (bilateral) | 5, Crutch (bilateral) | 6, Walker/Rollator (bilateral)",,,,,,"[t_25_f_w_deviceused] = '0'",,,,,,
t_25_f_w_tr1_time,time_25_foot_walk_msfc,,text,"TRIAL 1 --> Time for 25-Foot Walk (seconds)",,,,,,,,,,,,,
t_25_f_w_complete_trial1,time_25_foot_walk_msfc,,text,"TRIAL 1 --> For a complete trial, record any circumstances that affected the patient's performance:",,,,,,,,,,,,,
t_25_f_w_nocompltrial1,time_25_foot_walk_msfc,,radio,"If trial was not completed (mark one)","0, Unable to complete trial due to physical limitations | 1, Other",,,,,,,,,,,,
t_25_f_w_tr1_specify1,time_25_foot_walk_msfc,,text,"Specify Physical limitations",,,,,,,"[t_25_f_w_nocompltrial1] = '0'",,,,,,
t_25_f_w_tr2_specify2,time_25_foot_walk_msfc,,text,"Specify other",,,,,,,"[t_25_f_w_nocompltrial1] = '1'",,,,,,
t_25_f_w_tr2_time,time_25_foot_walk_msfc,,text,"TRIAL 2 --> Time for 25-Foot Walk (seconds)",,,,,,,,,,,,,
t_25_f_w_complete_trial2,time_25_foot_walk_msfc,,text,"TRIAL 2 --> For a complete trial, record any circumstances that affected the patient's performance:",,,,,,,,,,,,,
t_25_f_w_nocompltrial2,time_25_foot_walk_msfc,,radio,"If trial was not completed (mark one)","0, Unable to complete trial due to physical limitations | 1, Other",,,,,,,,,,,,
t_25_f_w_tr2_specify3,time_25_foot_walk_msfc,,text,"Specify Physical limitations",,,,,,,"[t_25_f_w_nocompltrial2] = '0'",,,,,,
t_25_f_w_tr2_specify4,time_25_foot_walk_msfc,,text,"Specify other",,,,,,,"[t_25_f_w_nocompltrial2] = '1'",,,,,,
t_25_f_w_twoattempts,time_25_foot_walk_msfc,,radio,"Did it make more than two attempts to get two successful trials?","0, Yes | 1, No",,,,,,,,,,,,
t_25_f_w_reason_twoattempt,time_25_foot_walk_msfc,,text,"If yes, please specify reason(s) for more than two attempted trials:",,,,,,,"[t_25_f_w_twoattempts] = '0'",,,,,,
h_p_t_visit_date,hole_peg_test_msfc,,text,"Visit Date",,,date_mdy,,,,,,,,,,
h_p_t,hole_peg_test_msfc,,radio,"Dominant Hand  (check one)","0, Right | 1, Left",,,,,,,,,,,,
h_p_t_dh_trial1_time,hole_peg_test_msfc,,text,"Dominant hand (D-H) TRIAL1--> Time (seconds)",,,,,,,,,,,,,
h_p_t_dh_compl_trial1,hole_peg_test_msfc,,text,"D-H TRIAL1--> For a complete trial, record any circumstances that affescted the patient's performance",,,,,,,,,,,,,
h_p_t_dh_nocompl_trial1,hole_peg_test_msfc,,radio,"D-H TRIAL1--> If trial was not completed (mark one)","0, Unable to complete trial due to physical limitations | 1, Other",,,,,,,,,,,,
h_p_t_specify1,hole_peg_test_msfc,,text,"Specify Physical limitations",,,,,,,"[h_p_t_dh_nocompl_trial1] = '0'",,,,,,
h_p_t_specify2,hole_peg_test_msfc,,text,"Specify other",,,,,,,"[h_p_t_dh_nocompl_trial1] = '1'",,,,,,
h_p_t_dh_trial2_time,hole_peg_test_msfc,,text,"D-H TRIAL2--> Time (seconds)",,,,,,,,,,,,,
h_p_t_dh_compl_trial2,hole_peg_test_msfc,,text,"D-H TRIAL2--> For a complete trial, record any circumstances that affescted the patient's performance",,,,,,,,,,,,,
h_p_t_dh_nocompl_trial2,hole_peg_test_msfc,,radio,"D-H TRIAL2--> If trial was not completed (mark one)","0, Unable to complete trial due to physical limitations | 1, Other",,,,,,,,,,,,
h_p_t_specify3,hole_peg_test_msfc,,text,"Specify Physical limitations",,,,,,,"[h_p_t_dh_nocompl_trial2] = '0'",,,,,,
h_p_t_specify4,hole_peg_test_msfc,,text,"Specify other",,,,,,,"[h_p_t_dh_nocompl_trial2] = '1'",,,,,,
h_p_t_dh_twoattemp,hole_peg_test_msfc,,radio,"D-H. Did it take more than two attemps tp get two sucessful trials?","0, Yes | 1, No",,,,,,,,,,,,
h_p_t_dh_ifyes,hole_peg_test_msfc,,text,"If yes, please specify reason (s) for more than two attempted trials",,,,,,,"[h_p_t_dh_twoattemp] = '0'",,,,,,
h_p_t_ndh_trial1_time,hole_peg_test_msfc,,text,"Non-Dominant Hand (N-D-H) TRIAL1--> Time (seconds)",,,,,,,,,,,,,
h_p_t_ndh_compl_trial1,hole_peg_test_msfc,,text,"N-D-H TRIAL1--> For a complete trial, record any circumstances that affescted the patient's performance",,,,,,,,,,,,,
h_p_t_ndh_nocompl_trial1,hole_peg_test_msfc,,radio,"N-D-H TRIAL1--> If trial was not completed (mark one)","0, Unable to complete trial due to physical limitations | 1, Other",,,,,,,,,,,,
h_p_t_specify5,hole_peg_test_msfc,,text,"Specify Physical limitations",,,,,,,"[h_p_t_ndh_nocompl_trial1] = '0'",,,,,,
n_p_t_specify6,hole_peg_test_msfc,,text,"Specify other",,,,,,,"[h_p_t_ndh_nocompl_trial1] = '1'",,,,,,
h_p_t_ndh_trial2_time,hole_peg_test_msfc,,text,"N-D-H TRIAL2--> Time (seconds)",,,,,,,,,,,,,
h_p_t_ndh_compl_trial2,hole_peg_test_msfc,,text,"N-D-H TRIAL2--> For a complete trial, record any circumstances that affescted the patient's performance",,,,,,,,,,,,,
h_p_t_ndh_nocompl_trial2,hole_peg_test_msfc,,radio,"N-D-H TRIAL2--> If trial was not completed (mark one)","0, Unable to complete trial due to physical limitations | 1, Other",,,,,,,,,,,,
h_p_t_specify7,hole_peg_test_msfc,,text,"Specify Physical limitations",,,,,,,"[h_p_t_ndh_nocompl_trial2] = '0'",,,,,,
h_p_t_specify8,hole_peg_test_msfc,,text,"Specify other",,,,,,,"[h_p_t_ndh_nocompl_trial2] = '1'",,,,,,
h_p_t_ndh_twoattemp,hole_peg_test_msfc,,radio,"N-D-H. Did it take more than two attemps tp get two sucessful trials?","0, Yes | 1, No",,,,,,,,,,,,
h_p_t_nhd_ifyes,hole_peg_test_msfc,,text,"If yes, please specify reason (s) for more than two attempted trials",,,,,,,"[h_p_t_ndh_twoattemp] = '0'",,,,,,
pasat,pasat_msfc,,radio,"Was a PASAT performed?","0, No | 1, Yes",,,,,,,,,,,,
pasat_date,pasat_msfc,,text,"Date of Assessment:",,,date_dmy,,,,"[pasat] = '1'",,,,,,
pasat_formed_used,pasat_msfc,,radio,"Form used (check one)","0, Form A | 1, Form B",,,,,,,,,,,,
pasat_total_correct,pasat_msfc,,text,"Total correct (Range 0-60):",,,,,,,,,,,,,
pasat_trial_completed,pasat_msfc,,text,"For a complete PASAT 3'', record any circumstances that affect the patient's performance:",,,,,,,,,,,,,
pasat_trial_no_completed_reasons,pasat_msfc,,radio,"If PASAT 3'' was not completed (mark one):","0, Unable to complete trial due to Physical limitations | 1, Other",,,,,,,,,,,,
pasat_trial_no_completed_reason_spec1,pasat_msfc,,text,"Specify physical limitation",,,,,,,"[pasat_trial_no_completed_reasons] = '0'",,,,,,
pasat_trial_no_completed_reason_spec2,pasat_msfc,,text,"Specify Other",,,,,,,"[pasat_trial_no_completed_reasons] = '1'",,,,,,
six_min_walk_test_score,mwt,,text,"Score in meter",,,,,,,,,,,,,
number_step,mwt_38cd,,text,"Number of step",,,,,,,,,,,,,
pyramidal_score,expanded_disability_status_scale,,radio,"Pyramidal functions (weakness)","0, 0 | 1, 1 | 2, 2 | 3, 3 | 4, 4 | 5, 5",,,,,,,,RH,,,,
cerebellar_score,expanded_disability_status_scale,,radio,"Cerebellar functions (ataxia, loss of coordination)","0, 0 | 1, 1 | 2, 2 | 3, 3 | 4, 4 | 5, 5",,,,,,,,RH,,,,
cerebellar_score_x,expanded_disability_status_scale,,checkbox,"Pyramidal weakness (BMRC grade 3 or worse in limb strength) or sensory deficits interfere with cerebellar testing","1, X",,,,,,,,RH,,,,
brainstem_score,expanded_disability_status_scale,,radio,"Brainstem functions (problems with)","0, 0 | 1, 1 | 2, 2 | 3, 3 | 4, 4 | 5, 5",,,,,,,,RH,,,,
sensory_score,expanded_disability_status_scale,,radio,"Sensory functions (numbness or loss of sensations)","0, 0 | 1, 1 | 2, 2 | 3, 3 | 4, 4 | 5, 5 | 6, 6",,,,,,,,RH,,,,
bladder_bowel_score,expanded_disability_status_scale,,radio,Bowel,"0, 0 | 1, 1 | 2, 2 | 3, 3 | 4, 4 | 5, 5 | 6, 6",,,,,,,,RH,,,,
bladder_bowel_c_score,expanded_disability_status_scale,,radio,"CONVERTED bowel and bladder FS score","1, 1 | 2, 2 | 3, 3 | 4, 4 | 5, 5",,,,,,"if([bladder_bowel_score]>3,[bladder_bowel_score]-1,[bladder_bowel_score])",,RH,,,,
visual_score,expanded_disability_status_scale,,radio,"Visual function","0, 0 | 1, 1 | 2, 2 | 3, 3 | 4, 4 | 5, 5 | 6, 6",,,,,,,,RH,,,,
visual_c_score,expanded_disability_status_scale,,radio,"CONVERTED visual FS score","1, 1 | 2, 2 | 3, 3 | 4, 4",,,,,,"if([visual_score]>4,[visual_score]-2,if([visual_score]>2,[visual_score]-2,[visual_score]))",,RH,,,,
cerebral_score,expanded_disability_status_scale,,radio,"Cerebral functions ","0, 0 | 1, 1 | 2, 2 | 3, 3 | 4, 4 | 5, 5",,,,,,,,RH,,,,
ambulation_meters,expanded_disability_status_scale,,text,"Meters walked",,m,number,,,,,,,,,,
ambulation_aid,expanded_disability_status_scale,,radio,"Walking aid?","0, No | 1, Yes",,,,,,,,,,,,
ambulation_aid_spec,expanded_disability_status_scale,,dropdown,"Walking aid","1, Unilateral stick | 2, Unilateral crutch | 3, Unilateral brace | 4, Bilateral sticks | 5, Bilateral crutches | 6, Bilateral braces | 7, Assistance by another person (Bilateral) | 8, Wheelchair | 9, Other",,,,,,"[ambulation_aid]=""1""",,,,,,
specify_walking_aid,expanded_disability_status_scale,,text,"Specify walking aid(s)",,,,,,,"[ambulation_aid]='1' and [ambulation_aid_spec]='9'",,,,,,
ambulation_index,expanded_disability_status_scale,,radio,"Ambulation Index","0, 0 | 1, 1 | 2, 2 | 3, 3 | 4, 4 | 5, 5 | 6, 6 | 7, 7 | 8, 8 | 9, 9 | 10, 10 | 11, 11 | 12, 12",,,,,,,,RH,,,,
edds_score,expanded_disability_status_scale,,radio,"Overall score","0, 0 | 1, 1.0 | 2, 1.5 | 3, 2.0 | 4, 2.5 | 5, 3.0 | 6, 3.5 | 7, 4.0 | 8, 4.5 | 9, 5.0 | 10, 5.5 | 11, 6.0 | 12, 6.5 | 13, 7.0 | 14, 7.5 | 15, 8.0 | 16, 8.5 | 17, 9.0 | 18, 9.5 | 19, 10",,,,,,,,,,,,
unsch_visit_date,unscheduled_visit,,text,"Date of visit:",,,date_dmy,,,,,,,,,,
unsch_visit_type_cont,unscheduled_visit,,radio,"Type of contact:","0, Face to face | 1, Phone contact | 2, Other",,,,,,,,,,,,
unsch_visit_type_cont_speci,unscheduled_visit,,text,"Specify other:",,,,,,,"[unsch_visit_type_cont] = '2'",,,,,,
unsch_visit_reason,unscheduled_visit,,radio,Reason:,"0, MS relapse | 1, Technological Issue | 2, Adverse Event | 3, Depressive symptomatology",,,,,,,,,,,,
unsch_visit_message1,unscheduled_visit,,descriptive,"Please fill ''Technological Issues'' instrument",,,,,,,"[unsch_visit_reason] = '1'",,,,,,
unsch_visit_meassage2,unscheduled_visit,,descriptive,"Please fill ''Adverse event'' instrument",,,,,,,"[unsch_visit_reason] = '2'",,,,,,
contact_date,contact_log,"Extra Contact
",text,"Contact Date",,,datetime_ymd,,,,,y,,,,,"Add Date and Time of Contact"
comms_method,contact_log,,dropdown,"Communication Method","1, Phone | 2, Text | 3, Email | 4, In-Person | 5, Other",,,,,,,y,,,,,
initiated_by,contact_log,,dropdown,"Initiated By","0, Participant | 1, Study Team | 2, Other",,,,,,,y,,,,,"Who imitated this contact?"
team_member,contact_log,,text,"Team Member",,,,,,,"[enrolment_arm_1][initiated_by] <> 0",y,,,,,
subject,contact_log,,text,Subject,,,,,,,,,,,,,
contact_notes,contact_log,,notes,"Contact Notes",,,,,,,,,,,,,"Add Any extra details about the contact here"
